0,1,2,3,4,5,6,7,8,9,10,11,12,13,14
135.0,5998.219844433479,14.421054229140282,8.042654854711145,10.658714873716235,0.0,0.0,0.0,0.0,0.0,0.0,0.0,0.0,1751578902.6988935,0.0
135.0,6421.815873014741,11.492712563835084,9.557314336765558,11.70214696135372,0.0,0.0,0.0,0.0,0.0,0.0,0.0,0.0,1751578902.6988935,0.0
136.0,6279.978297245223,25.77165059465915,18.910804125946015,22.383301234804094,0.0,0.0,0.0,0.0,0.0,0.0,0.0,0.0,1751578902.6995296,0.0
136.0,6269.020390375052,15.348549418151379,7.3058945634402335,10.161308179609478,0.0,0.0,0.0,0.0,0.0,0.0,0.0,0.0,1751578902.6995296,0.0
137.0,6378.734095475171,16.608895703218877,13.11021929467097,14.402354729361832,0.0,0.0,0.0,0.0,0.0,0.0,0.0,0.0,1751578902.7130935,0.0
137.0,6704.423283116426,15.655221214517951,19.10527892364189,20.640507855452597,0.0,0.0,0.0,0.0,0.0,0.0,0.0,0.0,1751578902.7130935,0.0
138.0,7014.967745887116,12.667041149921715,12.24256250495091,15.385948417708278,0.0,0.0,0.0,0.0,0.0,0.0,0.0,0.0,1751578902.728789,0.0
138.0,7109.3908700183965,14.207879931665957,9.736829534638673,17.510211592540145,0.0,0.0,0.0,0.0,0.0,0.0,0.0,0.0,1751578902.728789,0.0
139.0,6890.593632960692,10.138868779875338,12.889565197285265,14.1181223327294,0.0,0.0,0.0,0.0,0.0,0.0,0.0,0.0,1751578902.7294953,0.0
139.0,6767.0516477744095,16.305963806807995,19.05666022421792,21.30247014760971,0.0,0.0,0.0,0.0,0.0,0.0,0.0,0.0,1751578902.7294953,0.0
140.0,6987.5430595120415,15.69636011403054,11.423524414654821,13.957306634634733,0.0,0.0,0.0,0.0,0.0,0.0,0.0,0.0,1751578902.7430415,0.0
140.0,7396.213147370145,11.208480167202652,15.290580968838185,15.572943415492773,0.0,0.0,0.0,0.0,0.0,0.0,0.0,0.0,1751578902.7430415,0.0
141.0,7268.961181427818,29.993997644633055,27.53501342376694,21.900854140520096,0.0,0.0,0.0,0.0,0.0,0.0,0.0,0.0,1751578902.7588904,0.0
141.0,7281.143905533478,14.121862232685089,14.030234683770686,14.996998822316527,0.0,0.0,0.0,0.0,0.0,0.0,0.0,0.0,1751578902.7588904,0.0
142.0,7332.530130924657,11.227179666981101,14.65853787632659,13.882508635520935,0.0,0.0,0.0,0.0,0.0,0.0,0.0,0.0,1751578902.7595134,0.0
142.0,7673.152739088982,18.47884568106383,16.001161960419267,20.348795658908784,0.0,0.0,0.0,0.0,0.0,0.0,0.0,0.0,1751578902.7595134,0.0
143.0,7887.3947780006565,13.28038474265486,15.402777967508882,14.761385125108063,0.0,0.0,0.0,0.0,0.0,0.0,0.0,0.0,1751578902.7731714,0.0
143.0,8178.379564003088,16.14140820875764,13.035421295557171,15.045617521740496,0.0,0.0,0.0,0.0,0.0,0.0,0.0,0.0,1751578902.7731714,0.0
144.0,7865.333108162042,12.47256635222584,13.345832991879433,14.593089627102017,0.0,0.0,0.0,0.0,0.0,0.0,0.0,0.0,1751578902.7889004,0.0
144.0,7744.827921739779,16.298484006896615,22.044840288814157,19.35024237073958,0.0,0.0,0.0,0.0,0.0,0.0,0.0,0.0,1751578902.7889004,0.0
145.0,7967.653031049762,9.514305487275124,11.326287015806884,12.607202750630677,0.0,0.0,0.0,0.0,0.0,0.0,0.0,0.0,1751578902.7896369,0.0
145.0,8384.569598310161,9.776098484173417,8.450303949881345,13.452420140616596,0.0,0.0,0.0,0.0,0.0,0.0,0.0,0.0,1751578902.7896369,0.0
146.0,8248.012761278078,23.32949592359364,20.949049601797014,23.80072331801057,0.0,0.0,0.0,0.0,0.0,0.0,0.0,0.0,1751578902.803143,0.0
146.0,8235.600033325143,13.119569044560194,11.827433609869331,18.370388582348824,0.0,0.0,0.0,0.0,0.0,0.0,0.0,0.0,1751578902.803143,0.0
147.0,8337.448728818446,14.222839531488717,15.844086162280291,16.410681005567312,0.0,0.0,0.0,0.0,0.0,0.0,0.0,0.0,1751578902.8188307,0.0
147.0,8647.587412443943,18.374128482304513,15.215782969724387,20.311396659351885,0.0,0.0,0.0,0.0,0.0,0.0,0.0,0.0,1751578902.8188307,0.0
148.0,8919.528627872001,16.721092701889575,16.375151955988258,18.95007307548076,0.0,0.0,0.0,0.0,0.0,0.0,0.0,0.0,1751578902.819703,0.0
148.0,9115.19832360372,18.84535587672144,15.567333565559238,12.005078857764602,0.0,0.0,0.0,0.0,0.0,0.0,0.0,0.0,1751578902.819703,0.0
149.0,8839.24045562325,9.918214682489634,9.927564432378858,12.925094246864319,0.0,0.0,0.0,0.0,0.0,0.0,0.0,0.0,1751578902.8333087,0.0
149.0,8731.065719354898,18.273151183500886,17.598099241498858,19.391381270252168,0.0,0.0,0.0,0.0,0.0,0.0,0.0,0.0,1751578902.8333087,0.0
150.0,8945.221740567591,13.340223141945899,10.013582131359726,14.185440531931818,0.0,0.0,0.0,0.0,0.0,0.0,0.0,0.0,1751578902.8488295,0.0
150.0,9356.289104297291,12.46882645227015,13.05038089537993,13.448680240660906,0.0,0.0,0.0,0.0,0.0,0.0,0.0,0.0,1751578902.8488295,0.0
151.0,9219.103964072652,22.020530939102173,21.345478997100145,27.35362827591598,0.0,0.0,0.0,0.0,0.0,0.0,0.0,0.0,1751578902.8496277,0.0
151.0,9297.411859294865,14.806263924576342,12.134105406235904,15.213913019746542,0.0,0.0,0.0,0.0,0.0,0.0,0.0,0.0,1751578902.8496277,0.0
152.0,9252.260047129821,13.70673333760351,12.418337802868336,14.192920331843197,0.0,0.0,0.0,0.0,0.0,0.0,0.0,0.0,1751578902.8631816,0.0
152.0,9620.89824586222,16.279784507118165,15.227002669591457,16.597676003351808,0.0,0.0,0.0,0.0,0.0,0.0,0.0,0.0,1751578902.8631816,0.0
153.0,9921.666610148735,17.068903397768736,10.039761431049556,15.565463615581393,0.0,0.0,0.0,0.0,0.0,0.0,0.0,0.0,1751578902.8789237,0.0
153.0,10085.640653755981,16.227425907738507,13.768441686872393,17.188580196350813,0.0,0.0,0.0,0.0,0.0,0.0,0.0,0.0,1751578902.8789237,0.0
154.0,9809.544409477152,9.346009989269078,8.311927651520818,14.49959212820977,0.0,0.0,0.0,0.0,0.0,0.0,0.0,0.0,1751578902.879634,0.0
154.0,9707.981816330459,19.997245063073933,17.691596740391105,24.298130012117326,0.0,0.0,0.0,0.0,0.0,0.0,0.0,0.0,1751578902.879634,0.0
155.0,9922.560446238145,12.693220449611545,9.175844541285187,15.29993071872741,0.0,0.0,0.0,0.0,0.0,0.0,0.0,0.0,1751578902.8931627,0.0
155.0,10348.441553692333,13.961046534590423,11.808734110090882,11.945240458473563,0.0,0.0,0.0,0.0,0.0,0.0,0.0,0.0,1751578902.8931627,0.0
156.0,10190.0960595184,27.3087494764477,24.539353559259325,23.101362026296556,0.0,0.0,0.0,0.0,0.0,0.0,0.0,0.0,1751578902.9089365,0.0
156.0,10222.044154889882,11.6722277617082,14.224709481466562,13.31030394230038,0.0,0.0,0.0,0.0,0.0,0.0,0.0,0.0,1751578902.9089365,0.0
157.0,10277.499391432852,16.51913810428232,16.046040759887546,20.202939560636878,0.0,0.0,0.0,0.0,0.0,0.0,0.0,0.0,1751578902.9094903,0.0
157.0,10596.916766848415,13.467379740439355,14.243408981245011,17.577529791742563,0.0,0.0,0.0,0.0,0.0,0.0,0.0,0.0,1751578902.9094903,0.0
158.0,10874.004084615503,10.595136574469507,13.540307789575309,16.83328970056027,0.0,0.0,0.0,0.0,0.0,0.0,0.0,0.0,1751578902.9230993,0.0
158.0,11098.04840131104,13.355182741768658,13.753482087049633,13.463639840483665,0.0,0.0,0.0,0.0,0.0,0.0,0.0,0.0,1751578902.9230993,0.0
159.0,10788.637128226925,11.608649462461472,11.266448616515845,5.63602923322469,0.0,0.0,0.0,0.0,0.0,0.0,0.0,0.0,1751578902.9387865,0.0
159.0,10714.839552351274,19.039830674417317,20.066433212254196,23.026564027182758,0.0,0.0,0.0,0.0,0.0,0.0,0.0,0.0,1751578902.9387865,0.0
160.0,10902.393665179145,14.436013828963041,10.735382822807878,16.16010770853609,0.0,0.0,0.0,0.0,0.0,0.0,0.0,0.0,1751578902.9395132,0.0
160.0,11331.876296290662,10.580176974646747,11.958330108318478,12.05743745714426,0.0,0.0,0.0,0.0,0.0,0.0,0.0,0.0,1751578902.9395132,0.0
161.0,11171.15222574491,26.291496688500047,19.658784117083997,25.846448593772948,0.0,0.0,0.0,0.0,0.0,0.0,0.0,0.0,1751578902.9530904,0.0
161.0,11199.506277258974,11.866702559404075,8.513882249128073,13.209326643496752,0.0,0.0,0.0,0.0,0.0,0.0,0.0,0.0,1751578902.9530904,0.0
162.0,11257.044638077263,17.28581759519875,15.541154265869409,14.593089627102017,0.0,0.0,0.0,0.0,0.0,0.0,0.0,0.0,1751578902.9689224,0.0
162.0,11580.774118141737,16.283524407073855,18.390958032105118,21.156614049337804,0.0,0.0,0.0,0.0,0.0,0.0,0.0,0.0,1751578902.9689224,0.0
163.0,11907.534787120298,15.075536721386015,14.217229681555182,17.214759496040642,0.0,0.0,0.0,0.0,0.0,0.0,0.0,0.0,1751578902.9695933,0.0
163.0,12046.242066626903,10.153828379698098,10.136998829897493,13.220546343363822,0.0,0.0,0.0,0.0,0.0,0.0,0.0,0.0,1751578902.9695933,0.0
164.0,11760.444521863014,9.877075782977045,8.596160048153251,10.961646770127118,0.0,0.0,0.0,0.0,0.0,0.0,0.0,0.0,1751578902.9831579,0.0
164.0,11704.564806675073,20.52083105687052,22.243054986465722,22.48053863365203,0.0,0.0,0.0,0.0,0.0,0.0,0.0,0.0,1751578902.9831579,0.0
165.0,11865.64790761657,11.492712563835084,12.27996150450781,16.94174679927528,0.0,0.0,0.0,0.0,0.0,0.0,0.0,0.0,1751578902.9988675,0.0
165.0,12312.147083526477,11.990119257941842,10.858799521345645,18.51624468062073,0.0,0.0,0.0,0.0,0.0,0.0,0.0,0.0,1751578902.9988675,0.0
166.0,12159.979904079344,25.061069603078067,23.720315468963236,27.652820272371173,0.0,0.0,0.0,0.0,0.0,0.0,0.0,0.0,1751578902.99956,0.0
166.0,12246.298665006645,9.28991148993373,13.390711791347712,8.84486339520663,0.0,0.0,0.0,0.0,0.0,0.0,0.0,0.0,1751578902.99956,0.0
167.0,12185.345775528811,13.29534434247762,18.959422825369984,17.416714093647897,0.0,0.0,0.0,0.0,0.0,0.0,0.0,0.0,1751578903.0131292,0.0
167.0,12547.495247838087,18.97625237517059,17.5457406421192,14.222839531488717,0.0,0.0,0.0,0.0,0.0,0.0,0.0,0.0,1751578903.0131292,0.0
168.0,12875.804235398304,17.626148491166532,15.997422060463578,18.198353184387088,0.0,0.0,0.0,0.0,0.0,0.0,0.0,0.0,1751578903.028818,0.0
168.0,13028.274346741848,17.29329739511013,15.541154265869409,16.616375503130257,0.0,0.0,0.0,0.0,0.0,0.0,0.0,0.0,1751578903.028818,0.0
169.0,12733.987229078542,13.845109635964036,10.993435919750482,9.469426687806845,0.0,0.0,0.0,0.0,0.0,0.0,0.0,0.0,1751578903.0295568,0.0
169.0,12688.317440769635,21.923293540254235,20.814413203392178,21.654020743444562,0.0,0.0,0.0,0.0,0.0,0.0,0.0,0.0,1751578903.0295568,0.0
170.0,12856.08374293195,8.186641003005207,9.194544041063637,11.541331263259053,0.0,0.0,0.0,0.0,0.0,0.0,0.0,0.0,1751578903.0431879,0.0
170.0,13292.00274186721,9.058037692680955,12.171504405792803,10.819530571810901,0.0,0.0,0.0,0.0,0.0,0.0,0.0,0.0,1751578903.0431879,0.0
171.0,13125.545404689386,24.069996114820242,24.030727165285498,28.254944165237248,0.0,0.0,0.0,0.0,0.0,0.0,0.0,0.0,1751578903.0588615,0.0
171.0,13180.90153388353,7.932327806018293,10.982216219883412,15.752458613365889,0.0,0.0,0.0,0.0,0.0,0.0,0.0,0.0,1751578903.0588615,0.0
172.0,13217.114985154476,17.37557519413531,18.035667536314577,15.31115041859448,0.0,0.0,0.0,0.0,0.0,0.0,0.0,0.0,1751578903.059607,0.0
172.0,13524.949890407268,18.92015387583524,18.76494802767411,16.818330100737512,0.0,0.0,0.0,0.0,0.0,0.0,0.0,0.0,1751578903.059607,0.0
173.0,13862.496430858038,14.664147726260126,13.125178894493729,15.68514041416347,0.0,0.0,0.0,0.0,0.0,0.0,0.0,0.0,1751578903.0732038,0.0
173.0,13996.106226725038,16.193766808137298,9.785448234062642,11.204740267246962,0.0,0.0,0.0,0.0,0.0,0.0,0.0,0.0,1751578903.0732038,0.0
174.0,13700.102494982071,13.373882241547108,12.321100404020399,12.532404751516879,0.0,0.0,0.0,0.0,0.0,0.0,0.0,0.0,1751578903.08879,0.0
174.0,13675.540702023078,19.054790274240077,18.70136972842738,16.16384760849178,0.0,0.0,0.0,0.0,0.0,0.0,0.0,0.0,1751578903.08879,0.0
175.0,13837.510159254074,7.992166205309331,12.825986898038536,17.33069639466703,0.0,0.0,0.0,0.0,0.0,0.0,0.0,0.0,1751578903.0895875,0.0
175.0,14277.973136635497,14.802524024620652,11.236529416870326,13.770311636850238,0.0,0.0,0.0,0.0,0.0,0.0,0.0,0.0,1751578903.0895875,0.0
176.0,14105.842371224891,24.17097341362387,23.039653677027673,22.12898803781718,0.0,0.0,0.0,0.0,0.0,0.0,0.0,0.0,1751578903.1031976,0.0
176.0,14197.064140994102,11.967679858207703,9.093566742260009,15.767418213188648,0.0,0.0,0.0,0.0,0.0,0.0,0.0,0.0,1751578903.1031976,0.0
177.0,14162.743079100735,13.646894938312471,13.566487089265138,13.931127334944904,0.0,0.0,0.0,0.0,0.0,0.0,0.0,0.0,1751578903.1187787,0.0
177.0,14492.871527989395,19.33528277091682,14.340646380092949,17.439153493382037,0.0,0.0,0.0,0.0,0.0,0.0,0.0,0.0,1751578903.1187787,0.0
178.0,14828.162908766884,13.538437839597464,14.224709481466562,19.873828364536166,0.0,0.0,0.0,0.0,0.0,0.0,0.0,0.0,1751578903.1195176,0.0
178.0,15016.057352490723,14.46219312865287,14.998868772294372,16.646294702775776,0.0,0.0,0.0,0.0,0.0,0.0,0.0,0.0,1751578903.1195176,0.0
179.0,14684.176760472823,12.405248153023422,8.416644850280136,7.4648403115570545,0.0,0.0,0.0,0.0,0.0,0.0,0.0,0.0,1751578903.1332564,0.0
179.0,14673.235683152452,21.238891848362982,21.824186191428453,23.075182726606727,0.0,0.0,0.0,0.0,0.0,0.0,0.0,0.0,1751578903.1332564,0.0
180.0,14813.723155037966,13.497298940084875,12.152804906014353,15.445786816999316,0.0,0.0,0.0,0.0,0.0,0.0,0.0,0.0,1751578903.1488972,0.0
180.0,15256.299175894354,16.283524407073855,13.678684087935835,14.204140031710267,0.0,0.0,0.0,0.0,0.0,0.0,0.0,0.0,1751578903.1488972,0.0
181.0,15081.202669818886,19.74667176604271,24.39349746098742,21.837275841273367,0.0,0.0,0.0,0.0,0.0,0.0,0.0,0.0,1751578903.1498077,0.0
181.0,15164.765124478843,12.09483645670116,11.718976511154324,13.70673333760351,0.0,0.0,0.0,0.0,0.0,0.0,0.0,0.0,1751578903.1498077,0.0
182.0,15146.039445400704,13.534697939641774,14.841792974155396,14.694066925905645,0.0,0.0,0.0,0.0,0.0,0.0,0.0,0.0,1751578903.1632807,0.0
182.0,15471.003092450555,23.68104651942849,17.728995739948004,21.66524044331163,0.0,0.0,0.0,0.0,0.0,0.0,0.0,0.0,1751578903.1632807,0.0
183.0,15816.968147701584,14.989519022405148,18.581692929845303,22.061669838614762,0.0,0.0,0.0,0.0,0.0,0.0,0.0,0.0,1751578903.1788926,0.0
183.0,15980.194211317692,15.341069618239999,12.67639089981094,14.4883724283427,0.0,0.0,0.0,0.0,0.0,0.0,0.0,0.0,1751578903.1788926,0.0
184.0,15655.827078310773,12.401508253067732,7.904278556350619,15.232612519524992,0.0,0.0,0.0,0.0,0.0,0.0,0.0,0.0,1751578903.1797588,0.0
184.0,15653.080121793319,18.44892648141831,17.88233163813129,23.153720625676215,0.0,0.0,0.0,0.0,0.0,0.0,0.0,0.0,1751578903.1797588,0.0
185.0,15801.23064868804,11.874182359315455,9.983662931714207,13.69177373778075,0.0,0.0,0.0,0.0,0.0,0.0,0.0,0.0,1751578903.193128,0.0
185.0,16224.265692275949,9.701300485059619,10.858799521345645,3.253712961450219,0.0,0.0,0.0,0.0,0.0,0.0,0.0,0.0,1751578903.193128,0.0
186.0,16064.132525923196,23.00038472749293,22.67314348137006,26.699145783670247,0.0,0.0,0.0,0.0,0.0,0.0,0.0,0.0,1751578903.2089972,0.0
186.0,16168.836635032669,10.516598675400019,10.754082322586328,12.135975356213748,0.0,0.0,0.0,0.0,0.0,0.0,0.0,0.0,1751578903.2089972,0.0
187.0,16159.801036739722,16.339622906409204,13.592666388954967,14.92220082320273,0.0,0.0,0.0,0.0,0.0,0.0,0.0,0.0,1751578903.2095368,0.0
187.0,16402.434526165016,18.841615976765752,16.880038450006396,20.48717195726931,0.0,0.0,0.0,0.0,0.0,0.0,0.0,0.0,1751578903.2095368,0.0
188.0,15924.363114829175,16.90808769967407,15.08488647127524,15.804817212745547,0.0,0.0,0.0,0.0,0.0,0.0,0.0,0.0,1751578903.2230985,0.0
188.0,15882.465015625581,18.609742179512978,14.860492473933846,11.784424760378897,0.0,0.0,0.0,0.0,0.0,0.0,0.0,0.0,1751578903.2230985,0.0
189.0,15636.026177995373,11.324417065829039,9.508695637341589,11.627348962239921,0.0,0.0,0.0,0.0,0.0,0.0,0.0,0.0,1751578903.2387977,0.0
189.0,15675.61301902635,19.118368573486805,18.73502882802859,21.422146946191788,0.0,0.0,0.0,0.0,0.0,0.0,0.0,0.0,1751578903.2387977,0.0
190.0,15784.569394385442,9.68260098528117,9.288041539955884,11.410434764809906,0.0,0.0,0.0,0.0,0.0,0.0,0.0,0.0,1751578903.2395496,0.0
190.0,16245.811255920678,14.432273929007351,10.002362431492656,15.827256612479687,0.0,0.0,0.0,0.0,0.0,0.0,0.0,0.0,1751578903.2395496,0.0
191.0,16058.264622892719,23.527710621245205,22.635744481813163,22.297283535823226,0.0,0.0,0.0,0.0,0.0,0.0,0.0,0.0,1751578903.253322,0.0
191.0,16152.822383422405,9.824717183597386,6.834667169023305,12.412727952934802,0.0,0.0,0.0,0.0,0.0,0.0,0.0,0.0,1751578903.253322,0.0
192.0,16128.045546215959,13.037291245535016,13.312173892278224,14.237799131311476,0.0,0.0,0.0,0.0,0.0,0.0,0.0,0.0,1751578903.2688577,0.0
192.0,16438.4422829384,18.355428982526064,17.680377040524036,18.392827982082963,0.0,0.0,0.0,0.0,0.0,0.0,0.0,0.0,1751578903.2688577,0.0
193.0,16758.306576398667,16.979145798832178,16.468649454880506,19.28292417153716,0.0,0.0,0.0,0.0,0.0,0.0,0.0,0.0,1751578903.2696705,0.0
193.0,17009.517526372336,16.320923406630754,17.194190046284348,18.250711783766747,0.0,0.0,0.0,0.0,0.0,0.0,0.0,0.0,1751578903.2696705,0.0
194.0,16623.733756293077,12.285571354441345,7.620046159718186,13.923647535033524,0.0,0.0,0.0,0.0,0.0,0.0,0.0,0.0,1751578903.2832444,0.0
194.0,16653.64173623873,18.14225468505174,19.262354721780866,27.02825697977096,0.0,0.0,0.0,0.0,0.0,0.0,0.0,0.0,1751578903.2832444,0.0
195.0,16785.66207462456,9.742439384572208,12.193943805526942,13.867549035698175,0.0,0.0,0.0,0.0,0.0,0.0,0.0,0.0,1751578903.2987995,0.0
195.0,17195.173639972694,15.782377813011408,13.790881086606532,12.266871854662895,0.0,0.0,0.0,0.0,0.0,0.0,0.0,0.0,1751578903.2987995,0.0
196.0,17045.0372262015,25.01993070356548,22.71054248092696,23.621208120137453,0.0,0.0,0.0,0.0,0.0,0.0,0.0,0.0,1751578903.2996967,0.0
196.0,17190.895194423385,9.884555582888424,11.782554810401052,7.932327806018293,0.0,0.0,0.0,0.0,0.0,0.0,0.0,0.0,1751578903.2996967,0.0
197.0,17076.798326575197,13.875028835609555,11.524501713458449,13.515998439863324,0.0,0.0,0.0,0.0,0.0,0.0,0.0,0.0,1751578903.3133297,0.0
197.0,17411.007006315514,17.36435549426824,12.089226606767625,17.828103088773787,0.0,0.0,0.0,0.0,0.0,0.0,0.0,0.0,1751578903.3133297,0.0
198.0,17826.01061474858,16.16384760849178,10.787741422187537,15.535544415935874,0.0,0.0,0.0,0.0,0.0,0.0,0.0,0.0,1751578903.3288467,0.0
198.0,17907.074816238135,15.049357421696186,12.066787207033485,13.213066543452442,0.0,0.0,0.0,0.0,0.0,0.0,0.0,0.0,1751578903.3288467,0.0
199.0,17606.82629804546,11.567510562948883,12.6913504996337,14.230319331400096,0.0,0.0,0.0,0.0,0.0,0.0,0.0,0.0,1751578903.3294983,0.0
199.0,17796.745897595305,25.446279298514128,24.550573259126395,25.78661019448191,0.0,0.0,0.0,0.0,0.0,0.0,0.0,0.0,1751578903.3294983,0.0
200.0,17684.04401243059,7.360123112797737,4.8899191920645535,8.534451698884368,0.0,0.0,0.0,0.0,0.0,0.0,0.0,0.0,1751578903.3438864,0.0
200.0,18102.535077572335,12.794197748415172,9.740569434594363,16.664994202554226,0.0,0.0,0.0,0.0,0.0,0.0,0.0,0.0,1751578903.3438864,0.0
0.0,1345.2906327610835,20.610588655807078,22.32159288553521,28.767310459166765,0.0,0.0,0.0,0.0,0.0,0.0,0.0,0.0,1751578903.344884,0.0
101.0,1486.4438068387099,8.684047697111964,13.89185838541016,12.49500575195998,0.0,0.0,0.0,0.0,0.0,0.0,0.0,0.0,1751578903.358183,0.0
101.0,1391.622383362148,16.990365498699248,16.442470155190676,18.05249708611518,0.0,0.0,0.0,0.0,0.0,0.0,0.0,0.0,1751578903.358183,0.0
102.0,1715.194787628483,19.27544437162578,15.331719868350774,21.945732939988375,0.0,0.0,0.0,0.0,0.0,0.0,0.0,0.0,1751578903.3739936,0.0
102.0,2038.0061222538352,14.293897630646825,15.90766446152702,12.947533646598458,0.0,0.0,0.0,0.0,0.0,0.0,0.0,0.0,1751578903.3739936,0.0
103.0,2327.476248774212,18.318029982969165,17.11939204717055,19.574636368080974,0.0,0.0,0.0,0.0,0.0,0.0,0.0,0.0,1751578903.374576,0.0
103.0,1900.000073988922,11.328156965784729,9.295521339867264,8.751365896314383,0.0,0.0,0.0,0.0,0.0,0.0,0.0,0.0,1751578903.374576,0.0
104.0,1972.0791658349335,14.90724122337997,22.085979188326746,20.214159260503948,0.0,0.0,0.0,0.0,0.0,0.0,0.0,0.0,1751578903.3881624,0.0
104.0,2082.3220667787828,9.368449389003217,6.614013071637601,9.989272781647742,0.0,0.0,0.0,0.0,0.0,0.0,0.0,0.0,1751578903.3881624,0.0
105.0,2483.0747864306904,10.310904177837074,9.190804141107947,14.192920331843197,0.0,0.0,0.0,0.0,0.0,0.0,0.0,0.0,1751578903.4039016,0.0
105.0,2332.27641036734,23.29957672394812,21.304340097587556,21.055636750534177,0.0,0.0,0.0,0.0,0.0,0.0,0.0,0.0,1751578903.4039016,0.0
106.0,2538.7095381715335,15.146594820544124,16.079699859488755,14.133081932552159,0.0,0.0,0.0,0.0,0.0,0.0,0.0,0.0,1751578903.4046693,0.0
106.0,2319.5327012683265,13.130788744427264,10.593266624491662,16.691173502244055,0.0,0.0,0.0,0.0,0.0,0.0,0.0,0.0,1751578903.4046693,0.0
107.0,2686.880634516012,18.026317786425352,17.194190046284348,17.73460558988154,0.0,0.0,0.0,0.0,0.0,0.0,0.0,0.0,1751578903.4181237,0.0
107.0,3115.897648083046,19.832689465023577,18.159084234852344,20.326356259174645,0.0,0.0,0.0,0.0,0.0,0.0,0.0,0.0,1751578903.4181237,0.0
108.0,3217.5986175280996,15.860915712080896,17.250288545619696,15.629041914828122,0.0,0.0,0.0,0.0,0.0,0.0,0.0,0.0,1751578903.434057,0.0
108.0,2860.2792260115966,8.975759893655777,10.69798382325098,9.955613682046533,0.0,0.0,0.0,0.0,0.0,0.0,0.0,0.0,1751578903.434057,0.0
109.0,2952.2919846214354,19.896267764270306,18.76120812771842,25.558476297184825,0.0,0.0,0.0,0.0,0.0,0.0,0.0,0.0,1751578903.434624,0.0
109.0,3043.487575090956,9.921954582445323,9.89390533277765,11.634828762151301,0.0,0.0,0.0,0.0,0.0,0.0,0.0,0.0,1751578903.434624,0.0
110.0,3488.329975320492,9.454467087984085,11.318807215895504,17.30077719502151,0.0,0.0,0.0,0.0,0.0,0.0,0.0,0.0,1751578903.4483185,0.0
110.0,3303.7603026572615,23.086402426473796,21.663370493333787,21.941993040032685,0.0,0.0,0.0,0.0,0.0,0.0,0.0,0.0,1751578903.4483185,0.0
111.0,3454.7120146187954,9.058037692680955,9.994882631581277,12.670781049877405,0.0,0.0,0.0,0.0,0.0,0.0,0.0,0.0,1751578903.4638684,0.0
111.0,3367.6546234502457,14.49585222825408,13.566487089265138,18.92763367574662,0.0,0.0,0.0,0.0,0.0,0.0,0.0,0.0,1751578903.4638684,0.0
112.0,3668.959663380403,17.73460558988154,20.885471302550286,17.76452478952706,0.0,0.0,0.0,0.0,0.0,0.0,0.0,0.0,1751578903.4645522,0.0
112.0,3186.9538772911765,17.484032292850316,17.44102344335988,15.26253171917051,0.0,0.0,0.0,0.0,0.0,0.0,0.0,0.0,1751578903.4645522,0.0
113.0,3150.4973325231113,15.337329718284309,14.161131182219833,9.906994982622564,0.0,0.0,0.0,0.0,0.0,0.0,0.0,0.0,1751578903.478057,0.0
113.0,2853.109837796539,8.242739502340555,8.483963049482554,12.88769524730742,0.0,0.0,0.0,0.0,0.0,0.0,0.0,0.0,1751578903.478057,0.0
114.0,2975.6513997446746,18.755598277784884,21.798006891738623,26.444832586683333,0.0,0.0,0.0,0.0,0.0,0.0,0.0,0.0,1751578903.493794,0.0
114.0,3040.4657359267585,10.924247770570219,9.269342040177435,13.003632145933807,0.0,0.0,0.0,0.0,0.0,0.0,0.0,0.0,1751578903.493794,0.0
115.0,3510.387905259151,14.682847226038575,14.449103478807956,9.499345887452364,0.0,0.0,0.0,0.0,0.0,0.0,0.0,0.0,1751578903.4945388,0.0
115.0,3282.1960395127535,22.689973031170666,22.523547483142465,26.11946129053831,0.0,0.0,0.0,0.0,0.0,0.0,0.0,0.0,1751578903.4945388,0.0
116.0,3424.0410950821824,11.459053464233875,6.079207377973944,12.831596747972071,0.0,0.0,0.0,0.0,0.0,0.0,0.0,0.0,1751578903.5081377,0.0
116.0,3390.5839500785805,17.125001897104084,15.597252765204757,13.908687935210764,0.0,0.0,0.0,0.0,0.0,0.0,0.0,0.0,1751578903.5081377,0.0
117.0,3660.9001789758913,19.241785272024572,13.035421295557171,19.047310474328697,0.0,0.0,0.0,0.0,0.0,0.0,0.0,0.0,1751578903.5238225,0.0
117.0,4034.420817100443,18.85283567663282,12.586633300874382,14.204140031710267,0.0,0.0,0.0,0.0,0.0,0.0,0.0,0.0,1751578903.5238225,0.0
118.0,4251.265826381277,15.965632910840213,16.936136949341744,17.74208538979292,0.0,0.0,0.0,0.0,0.0,0.0,0.0,0.0,1751578903.5245004,0.0
118.0,3837.133614637889,9.491866087540984,12.579153500963002,18.16469408478588,0.0,0.0,0.0,0.0,0.0,0.0,0.0,0.0,1751578903.5245004,0.0
119.0,3968.0226332871243,21.246371648274362,21.94012309005484,25.233105001039803,0.0,0.0,0.0,0.0,0.0,0.0,0.0,0.0,1751578903.5381753,0.0
119.0,4021.0301053090952,9.936914182268083,9.418938038405031,11.062624068930745,0.0,0.0,0.0,0.0,0.0,0.0,0.0,0.0,1751578903.5381753,0.0
120.0,4462.689850676339,12.87273564748466,12.186464005615562,9.151535191573203,0.0,0.0,0.0,0.0,0.0,0.0,0.0,0.0,1751578903.553854,0.0
120.0,4277.102925225161,18.714459378272295,19.729842216242105,22.226225436665118,0.0,0.0,0.0,0.0,0.0,0.0,0.0,0.0,1751578903.553854,0.0
121.0,4408.046172423754,12.8951750472188,11.782554810401052,16.186287008225918,0.0,0.0,0.0,0.0,0.0,0.0,0.0,0.0,1751578903.5545695,0.0
121.0,4375.400585710537,16.45929970499128,17.003455148544163,19.78033086564392,0.0,0.0,0.0,0.0,0.0,0.0,0.0,0.0,1751578903.5545695,0.0
122.0,4637.754567602184,15.457006516866386,13.678684087935835,17.809403588995337,0.0,0.0,0.0,0.0,0.0,0.0,0.0,0.0,1751578903.568149,0.0
122.0,4150.094052779954,17.435413593426347,13.686163887847215,17.35687569435686,0.0,0.0,0.0,0.0,0.0,0.0,0.0,0.0,1751578903.568149,0.0
123.0,4161.147327098995,15.483185816556215,10.346433227416128,12.543624451383948,0.0,0.0,0.0,0.0,0.0,0.0,0.0,0.0,1751578903.5838633,0.0
123.0,3819.9656038912944,9.147795291617513,8.368026150856167,11.189780667424202,0.0,0.0,0.0,0.0,0.0,0.0,0.0,0.0,1751578903.5838633,0.0
124.0,3971.61854709452,23.617468220181763,20.417983808089048,19.615775267593563,0.0,0.0,0.0,0.0,0.0,0.0,0.0,0.0,1751578903.5845113,0.0
124.0,4019.6182930758223,13.553397439420223,12.220123105216771,13.27290494274348,0.0,0.0,0.0,0.0,0.0,0.0,0.0,0.0,1751578903.5845113,0.0
125.0,4481.694152301177,8.777545196004212,10.574567124713212,11.331896865740418,0.0,0.0,0.0,0.0,0.0,0.0,0.0,0.0,1751578903.5981505,0.0
125.0,4268.21879288042,21.511904545128345,25.249934550840408,21.418407046236098,0.0,0.0,0.0,0.0,0.0,0.0,0.0,0.0,1751578903.5981505,0.0
126.0,4428.007888437249,10.47919967584312,12.597853000741452,14.791304324753582,0.0,0.0,0.0,0.0,0.0,0.0,0.0,0.0,1751578903.6139512,0.0
126.0,4365.001793883741,16.171327408403158,13.039161195512861,13.138268544338644,0.0,0.0,0.0,0.0,0.0,0.0,0.0,0.0,1751578903.6139512,0.0
127.0,4625.74013899453,17.3419160945341,17.85241243848577,22.11402843799442,0.0,0.0,0.0,0.0,0.0,0.0,0.0,0.0,1751578903.6147099,0.0
127.0,5046.230180662591,15.382208517752588,12.021908407565206,19.810250065289438,0.0,0.0,0.0,0.0,0.0,0.0,0.0,0.0,1751578903.6147099,0.0
128.0,5223.133058416657,12.165894555859268,16.225555957760662,16.279784507118165,0.0,0.0,0.0,0.0,0.0,0.0,0.0,0.0,1751578903.628435,0.0
128.0,4807.6058639897965,11.956460158340633,8.296968051698059,12.678260849788785,0.0,0.0,0.0,0.0,0.0,0.0,0.0,0.0,1751578903.628435,0.0
129.0,4963.623270441312,19.193166572600603,25.08537895279005,20.666687155142426,0.0,0.0,0.0,0.0,0.0,0.0,0.0,0.0,1751578903.6440952,0.0
129.0,5008.055151864886,9.405848388560116,7.758422458078712,11.743285860866308,0.0,0.0,0.0,0.0,0.0,0.0,0.0,0.0,1751578903.6440952,0.0
130.0,5451.222076914273,13.27664484269917,13.364532491657883,17.70094649028033,0.0,0.0,0.0,0.0,0.0,0.0,0.0,0.0,1751578903.6447728,0.0
130.0,5246.520522789564,26.57198918517679,21.18466329900548,25.76417079474777,0.0,0.0,0.0,0.0,0.0,0.0,0.0,0.0,1751578903.6447728,0.0
131.0,5451.367933012545,15.236352419480681,13.940477084834129,9.918214682489634,0.0,0.0,0.0,0.0,0.0,0.0,0.0,0.0,1751578903.6584249,0.0
131.0,5307.87919141259,16.799630600959063,12.358499403577298,12.221993055194616,0.0,0.0,0.0,0.0,0.0,0.0,0.0,0.0,1751578903.6584249,0.0
132.0,5599.183738861233,17.547610592097044,13.386971891392022,18.4900653809309,0.0,0.0,0.0,0.0,0.0,0.0,0.0,0.0,1751578903.674101,0.0
132.0,5197.769056917168,13.501038840040565,12.833466697949916,12.05743745714426,0.0,0.0,0.0,0.0,0.0,0.0,0.0,0.0,1751578903.674101,0.0
133.0,5084.2630932619795,13.377622141502798,12.773628298658878,15.797337412834167,0.0,0.0,0.0,0.0,0.0,0.0,0.0,0.0,1751578903.6747687,0.0
133.0,4771.321354619693,10.654974973760545,8.158591753337532,9.555444386787713,0.0,0.0,0.0,0.0,0.0,0.0,0.0,0.0,1751578903.6747687,0.0
134.0,4973.279692126904,21.481985345482826,20.840592503082007,21.68767984304577,0.0,0.0,0.0,0.0,0.0,0.0,0.0,0.0,1751578903.688426,0.0
134.0,5016.144555469044,15.31863021850586,8.749495946336538,10.819530571810901,0.0,0.0,0.0,0.0,0.0,0.0,0.0,0.0,1751578903.688426,0.0
135.0,5419.642361688428,12.4501269524917,5.536921884398907,14.09942283295095,0.0,0.0,0.0,0.0,0.0,0.0,0.0,0.0,1751578903.7039056,0.0
135.0,5262.08224650519,21.885894540697336,20.31326660932973,26.53833008557558,0.0,0.0,0.0,0.0,0.0,0.0,0.0,0.0,1751578903.7039056,0.0
136.0,5494.866709397174,10.819530571810901,13.50290879001841,19.25300497189164,0.0,0.0,0.0,0.0,0.0,0.0,0.0,0.0,1751578903.7047675,0.0
136.0,5275.2784834988415,14.91098112333566,13.420630990993232,16.11148900911212,0.0,0.0,0.0,0.0,0.0,0.0,0.0,0.0,1751578903.7047675,0.0
137.0,5587.608748498373,15.32611001841724,16.76036165142432,21.530604044906795,0.0,0.0,0.0,0.0,0.0,0.0,0.0,0.0,1751578903.7182438,0.0
137.0,6053.228162931744,16.55279720388353,17.336306244600564,16.709873002022505,0.0,0.0,0.0,0.0,0.0,0.0,0.0,0.0,1751578903.7182438,0.0
138.0,6181.949909556657,12.4875259520486,15.249442069325596,13.471119640395045,0.0,0.0,0.0,0.0,0.0,0.0,0.0,0.0,1751578903.7339132,0.0
138.0,5759.687155309599,10.86066947132349,10.193097329232842,14.136821832507849,0.0,0.0,0.0,0.0,0.0,0.0,0.0,0.0,1751578903.7339132,0.0
139.0,5951.921752932016,25.068549402989447,26.79451323254034,25.31912270002067,0.0,0.0,0.0,0.0,0.0,0.0,0.0,0.0,1751578903.734566,0.0
139.0,5988.073495853692,12.401508253067732,11.988249307963997,8.85982299502939,0.0,0.0,0.0,0.0,0.0,0.0,0.0,0.0,1751578903.734566,0.0
140.0,6425.727808368392,13.777791436761618,11.550681013148278,12.89891494717449,0.0,0.0,0.0,0.0,0.0,0.0,0.0,0.0,1751578903.748302,0.0
140.0,6209.9972892743535,21.77743744198233,24.3635782613419,22.454359333962202,0.0,0.0,0.0,0.0,0.0,0.0,0.0,0.0,1751578903.748302,0.0
141.0,6437.444914929569,13.074690245091915,9.635852235835046,14.06950363330543,0.0,0.0,0.0,0.0,0.0,0.0,0.0,0.0,1751578903.7639658,0.0
141.0,6292.086223351769,16.765971501357853,17.94964983733371,19.35772217065096,0.0,0.0,0.0,0.0,0.0,0.0,0.0,0.0,1751578903.7639658,0.0
142.0,6567.25310249161,14.709026525728405,15.716929563786834,17.936560187488794,0.0,0.0,0.0,0.0,0.0,0.0,0.0,0.0,1751578903.7646403,0.0
142.0,6131.599636453204,14.189180431887507,10.350173127371818,12.827856848016381,0.0,0.0,0.0,0.0,0.0,0.0,0.0,0.0,1751578903.7646403,0.0
143.0,6124.422768438235,10.266025378368795,11.954590208362788,13.837629836052656,0.0,0.0,0.0,0.0,0.0,0.0,0.0,0.0,1751578903.7781703,0.0
143.0,5761.444908288773,10.44554057624191,9.733089634682983,11.919061158783734,0.0,0.0,0.0,0.0,0.0,0.0,0.0,0.0,1751578903.7781703,0.0
144.0,5968.631625934038,21.855975341051817,22.014921089168638,24.1223547141999,0.0,0.0,0.0,0.0,0.0,0.0,0.0,0.0,1751578903.793903,0.0
144.0,5992.224784804508,11.025225069373846,10.585786824580282,14.49959212820977,0.0,0.0,0.0,0.0,0.0,0.0,0.0,0.0,1751578903.793903,0.0
145.0,6441.13993608579,15.636521714739501,16.24051555758342,13.811450536362827,0.0,0.0,0.0,0.0,0.0,0.0,0.0,0.0,1751578903.794777,0.0
145.0,6198.205384714063,19.73545206617564,17.96460943715647,23.550150020979345,0.0,0.0,0.0,0.0,0.0,0.0,0.0,0.0,1751578903.794777,0.0
146.0,6426.5094474591315,16.91182759962976,13.787141186650842,12.85029624775052,0.0,0.0,0.0,0.0,0.0,0.0,0.0,0.0,1751578903.808178,0.0
146.0,6298.92276047077,17.25963829550892,17.87111193826422,19.473659069277346,0.0,0.0,0.0,0.0,0.0,0.0,0.0,0.0,1751578903.808178,0.0
147.0,6557.394726208411,17.27085799537599,14.639838376548141,17.884201588109136,0.0,0.0,0.0,0.0,0.0,0.0,0.0,0.0,1751578903.8239603,0.0
147.0,6072.037989758886,15.400908017531037,18.77990762749687,14.589349727146327,0.0,0.0,0.0,0.0,0.0,0.0,0.0,0.0,1751578903.8239603,0.0
148.0,6174.382221996319,16.5640169037506,12.182724105659872,15.400908017531037,0.0,0.0,0.0,0.0,0.0,0.0,0.0,0.0,1751578903.8246858,0.0
148.0,5755.915466204286,12.44264715258032,10.159438229631633,15.505625216290355,0.0,0.0,0.0,0.0,0.0,0.0,0.0,0.0,1751578903.8246858,0.0
149.0,5968.87284948118,23.636167719960213,22.979815277736634,26.269057288765907,0.0,0.0,0.0,0.0,0.0,0.0,0.0,0.0,1751578903.8383815,0.0
149.0,5992.791379647795,11.948980358429253,13.035421295557171,12.016298557631671,0.0,0.0,0.0,0.0,0.0,0.0,0.0,0.0,1751578903.8383815,0.0
150.0,6440.315288145561,7.554597910493612,11.707756811287254,13.059730645269156,0.0,0.0,0.0,0.0,0.0,0.0,0.0,0.0,1751578903.85406,0.0
150.0,6210.956573612988,20.14310116134584,24.677729857619852,23.093882226385176,0.0,0.0,0.0,0.0,0.0,0.0,0.0,0.0,1751578903.85406,0.0
151.0,6455.59651936451,12.607202750630677,10.769041922409087,13.100869544781744,0.0,0.0,0.0,0.0,0.0,0.0,0.0,0.0,1751578903.854792,0.0
151.0,6283.142252607737,18.235752183943987,11.670357811730355,18.55738358013332,0.0,0.0,0.0,0.0,0.0,0.0,0.0,0.0,1751578903.854792,0.0
152.0,6553.3500244063325,15.72253941372037,10.720423222985119,17.71590609010309,0.0,0.0,0.0,0.0,0.0,0.0,0.0,0.0,1751578903.8682988,0.0
152.0,6126.481583363842,13.082170045003295,13.798360886517912,10.595136574469507,0.0,0.0,0.0,0.0,0.0,0.0,0.0,0.0,1751578903.8682988,0.0
153.0,6129.482853078283,16.425640605390072,16.820200050715357,13.66933433804661,0.0,0.0,0.0,0.0,0.0,0.0,0.0,0.0,1751578903.8840497,0.0
153.0,5744.671456987504,10.374482477083802,10.537168125156313,9.162754891440272,0.0,0.0,0.0,0.0,0.0,0.0,0.0,0.0,1751578903.8840497,0.0
154.0,5967.113226552028,22.315983035601676,20.35440550884232,22.016791039146483,0.0,0.0,0.0,0.0,0.0,0.0,0.0,0.0,1751578903.8846598,0.0
154.0,5998.560175329447,9.847156583331525,8.22590995253995,9.177714491263032,0.0,0.0,0.0,0.0,0.0,0.0,0.0,0.0,1751578903.8846598,0.0
155.0,6433.200128479861,11.926540958695114,11.973289708141237,15.543024215847254,0.0,0.0,0.0,0.0,0.0,0.0,0.0,0.0,1751578903.898282,0.0
155.0,6194.057835663203,19.27544437162578,19.58772601792589,21.930773340165615,0.0,0.0,0.0,0.0,0.0,0.0,0.0,0.0,1751578903.898282,0.0
156.0,6437.295318931341,10.303424377925694,11.356206215452403,11.66848786175251,0.0,0.0,0.0,0.0,0.0,0.0,0.0,0.0,1751578903.9139092,0.0
156.0,6294.083329928108,19.25300497189164,16.67808385239914,17.958999587222934,0.0,0.0,0.0,0.0,0.0,0.0,0.0,0.0,1751578903.9139092,0.0
157.0,6548.871494209394,13.620715638622642,10.406271626707166,15.857175812125206,0.0,0.0,0.0,0.0,0.0,0.0,0.0,0.0,1751578903.914594,0.0
157.0,6147.561529464088,17.166140796616673,12.960623296443373,19.31284337118268,0.0,0.0,0.0,0.0,0.0,0.0,0.0,0.0,1751578903.914594,0.0
158.0,6125.342783827335,14.263978431001306,13.794620986562222,15.30741051863879,0.0,0.0,0.0,0.0,0.0,0.0,0.0,0.0,1751578903.928311,0.0
158.0,5723.653219236527,15.771158113144338,13.90307808527723,13.392581741325557,0.0,0.0,0.0,0.0,0.0,0.0,0.0,0.0,1751578903.928311,0.0
159.0,5995.884276911151,21.912073840387166,19.651304317172617,20.034644062630832,0.0,0.0,0.0,0.0,0.0,0.0,0.0,0.0,1751578903.9440696,0.0
159.0,6001.282822497189,14.709026525728405,9.748049234505743,11.69092726148665,0.0,0.0,0.0,0.0,0.0,0.0,0.0,0.0,1751578903.9440696,0.0
160.0,6431.180582503788,8.986979593522847,14.26210848102346,15.097976121120155,0.0,0.0,0.0,0.0,0.0,0.0,0.0,0.0,1751578903.944782,0.0
160.0,6196.0923412390985,22.278584036044776,22.482408583629876,21.814836441539228,0.0,0.0,0.0,0.0,0.0,0.0,0.0,0.0,1751578903.944782,0.0
161.0,6467.524930273183,11.69466716144234,13.005502095911652,15.531804515980184,0.0,0.0,0.0,0.0,0.0,0.0,0.0,0.0,1751578903.9582784,0.0
161.0,6283.189001357183,16.87442860007286,12.392158503178507,17.181100396439433,0.0,0.0,0.0,0.0,0.0,0.0,0.0,0.0,1751578903.9582784,0.0
162.0,6533.369608893059,14.286417830735445,15.159684470389038,20.793843753635883,0.0,0.0,0.0,0.0,0.0,0.0,0.0,0.0,1751578903.9740417,0.0
162.0,6503.633664345369,21.493205045349896,21.1397844995372,22.379561334848404,0.0,0.0,0.0,0.0,0.0,0.0,0.0,0.0,1751578903.9740417,0.0
163.0,6795.6469228356145,8.923401294276118,10.64936512382701,9.877075782977045,0.0,0.0,0.0,0.0,0.0,0.0,0.0,0.0,1751578903.9748003,0.0
163.0,6656.80874683056,12.958753346465528,9.972443231847137,11.077583668753505,0.0,0.0,0.0,0.0,0.0,0.0,0.0,0.0,1751578903.9748003,0.0
164.0,6971.334333104081,23.78576371818781,21.99622158939019,22.697452831082046,0.0,0.0,0.0,0.0,0.0,0.0,0.0,0.0,1751578903.9881768,0.0
164.0,6979.885614352766,8.280138501897454,12.010688707698137,6.6196229215711355,0.0,0.0,0.0,0.0,0.0,0.0,0.0,0.0,1751578903.9881768,0.0
165.0,7400.964690263849,14.222839531488717,14.30324738053605,11.522631763480604,0.0,0.0,0.0,0.0,0.0,0.0,0.0,0.0,1751578904.0040066,0.0
165.0,7159.634555973113,22.383301234804094,23.009734477382153,26.280276988632977,0.0,0.0,0.0,0.0,0.0,0.0,0.0,0.0,1751578904.0040066,0.0
166.0,7368.076010053512,11.365555965341628,7.287195063661784,11.911581358872354,0.0,0.0,0.0,0.0,0.0,0.0,0.0,0.0,1751578904.0047872,0.0
166.0,7330.897664593998,16.623855303041637,16.087179659400135,21.620361643843353,0.0,0.0,0.0,0.0,0.0,0.0,0.0,0.0,1751578904.0047872,0.0
167.0,7516.422881695908,12.244432454928756,14.912851073313504,17.110042297281325,0.0,0.0,0.0,0.0,0.0,0.0,0.0,0.0,1751578904.0182345,0.0
167.0,7180.520027275663,18.635921479202807,16.405071155633777,18.359168882481754,0.0,0.0,0.0,0.0,0.0,0.0,0.0,0.0,1751578904.0182345,0.0
168.0,7063.446199062746,12.569803751073778,14.344386280048639,12.367849153466523,0.0,0.0,0.0,0.0,0.0,0.0,0.0,0.0,1751578904.0340192,0.0
168.0,6686.488592878915,10.127649080008268,10.24919582856819,15.483185816556215,0.0,0.0,0.0,0.0,0.0,0.0,0.0,0.0,1751578904.0340192,0.0
169.0,7007.035418081097,22.054190038703382,24.40845706081018,23.213559024967253,0.0,0.0,0.0,0.0,0.0,0.0,0.0,0.0,1751578904.034622,0.0
169.0,6998.583244181238,10.47919967584312,12.175244305748492,15.520584816113114,0.0,0.0,0.0,0.0,0.0,0.0,0.0,0.0,1751578904.034622,0.0
170.0,7385.3375182989985,12.218253155238926,12.149065006058663,14.566910327412188,0.0,0.0,0.0,0.0,0.0,0.0,0.0,0.0,1751578904.048408,0.0
170.0,7163.978449771646,21.75873794220388,21.54369369475171,20.8611619528383,0.0,0.0,0.0,0.0,0.0,0.0,0.0,0.0,1751578904.048408,0.0
171.0,7441.391138834879,15.124155420809984,9.86398613313213,15.539284315891564,0.0,0.0,0.0,0.0,0.0,0.0,0.0,0.0,1751578904.0639985,0.0
171.0,7270.6534861577675,18.57608307991177,13.936737184878439,15.247572119347751,0.0,0.0,0.0,0.0,0.0,0.0,0.0,0.0,1751578904.0639985,0.0
172.0,7507.707044849172,15.965632910840213,15.784247762989253,19.26048477180302,0.0,0.0,0.0,0.0,0.0,0.0,0.0,0.0,1751578904.0646424,0.0
172.0,7099.650300583802,13.942347034811974,12.885825297329575,21.145394349470735,0.0,0.0,0.0,0.0,0.0,0.0,0.0,0.0,1751578904.0646424,0.0
173.0,7139.310069663916,14.996998822316527,14.957729872781783,15.950673311017454,0.0,0.0,0.0,0.0,0.0,0.0,0.0,0.0,1751578904.0782776,0.0
173.0,6685.175887994468,8.519492099061608,9.83032703353092,16.10400920920074,0.0,0.0,0.0,0.0,0.0,0.0,0.0,0.0,1751578904.0782776,0.0
174.0,7013.385768205859,19.619515167549253,22.048580188769847,24.702039207331836,0.0,0.0,0.0,0.0,0.0,0.0,0.0,0.0,1751578904.0942624,0.0
174.0,6977.490208431147,11.414174664765596,11.610519412439317,11.904101558960974,0.0,0.0,0.0,0.0,0.0,0.0,0.0,0.0,1751578904.0942624,0.0
175.0,7418.9741785004735,16.13766830880195,14.336906480137259,14.940900322981179,0.0,0.0,0.0,0.0,0.0,0.0,0.0,0.0,1751578904.0947292,0.0
175.0,7165.567907252815,23.486571721732616,18.432096931617707,22.09906883817166,0.0,0.0,0.0,0.0,0.0,0.0,0.0,0.0,1751578904.0947292,0.0
176.0,7492.399634330533,9.405848388560116,12.410858002956957,6.376529424451292,0.0,0.0,0.0,0.0,0.0,0.0,0.0,0.0,1751578904.1083748,0.0
176.0,7214.988815217279,13.441200440749526,10.948557120282203,16.50417850445956,0.0,0.0,0.0,0.0,0.0,0.0,0.0,0.0,1751578904.1083748,0.0
177.0,7494.370561607182,18.58356287982315,14.890411673579365,17.199799896217883,0.0,0.0,0.0,0.0,0.0,0.0,0.0,0.0,1751578904.124178,0.0
177.0,7136.3910777485,19.140807973220944,17.605579041410238,16.747272001579404,0.0,0.0,0.0,0.0,0.0,0.0,0.0,0.0,1751578904.124178,0.0
178.0,7107.85190118663,15.786117712967098,14.146171582397074,18.16095418483019,0.0,0.0,0.0,0.0,0.0,0.0,0.0,0.0,1751578904.1247523,0.0
178.0,6686.17257133266,9.828457083553076,6.688811070751399,17.080123097635806,0.0,0.0,0.0,0.0,0.0,0.0,0.0,0.0,1751578904.1247523,0.0
179.0,7123.520212050993,24.55244320910424,25.54164674738422,27.533143473789096,0.0,0.0,0.0,0.0,0.0,0.0,0.0,0.0,1751578904.138485,0.0
179.0,6968.217126491014,13.235505943186581,11.715236611198634,12.10605615656823,0.0,0.0,0.0,0.0,0.0,0.0,0.0,0.0,1751578904.138485,0.0
180.0,7309.969184441958,13.912427835166454,10.881238921079785,14.86236242391169,0.0,0.0,0.0,0.0,0.0,0.0,0.0,0.0,1751578904.1542556,0.0
180.0,7156.814671406522,22.1963062370196,19.307233521249145,22.60021543223411,0.0,0.0,0.0,0.0,0.0,0.0,0.0,0.0,1751578904.1542556,0.0
181.0,7440.873162691016,10.83823007158935,14.105032682884485,7.917368206195533,0.0,0.0,0.0,0.0,0.0,0.0,0.0,0.0,1751578904.1548214,0.0
181.0,7260.411770129111,17.611188891343772,13.372012291569263,17.162400896660984,0.0,0.0,0.0,0.0,0.0,0.0,0.0,0.0,1751578904.1548214,0.0
182.0,7495.935709738638,17.154921096749604,15.754328563343734,15.748718713410199,0.0,0.0,0.0,0.0,0.0,0.0,0.0,0.0,1751578904.1683173,0.0
182.0,7035.662482291926,12.969973046332598,9.994882631581277,15.804817212745547,0.0,0.0,0.0,0.0,0.0,0.0,0.0,0.0,1751578904.1683173,0.0
183.0,7188.10641433578,17.173620596528053,9.314220839645714,16.822070000693202,0.0,0.0,0.0,0.0,0.0,0.0,0.0,0.0,1751578904.1840644,0.0
183.0,7660.4632585393265,13.560877239331603,12.796067698393017,10.292204678058624,0.0,0.0,0.0,0.0,0.0,0.0,0.0,0.0,1751578904.1840644,0.0
184.0,8001.931084093638,20.655467455275357,21.11734509980306,24.713258907198906,0.0,0.0,0.0,0.0,0.0,0.0,0.0,0.0,1751578904.1846807,0.0
184.0,7965.564296924509,8.01460560504347,9.979923031758517,16.324663306586444,0.0,0.0,0.0,0.0,0.0,0.0,0.0,0.0,1751578904.1846807,0.0
185.0,8390.267335892655,16.751011901535094,16.67060405248776,12.326710253953934,0.0,0.0,0.0,0.0,0.0,0.0,0.0,0.0,1751578904.1984508,0.0
185.0,8140.795439398382,23.232258524745703,21.611011893954128,22.95550592802465,0.0,0.0,0.0,0.0,0.0,0.0,0.0,0.0,1751578904.1984508,0.0
186.0,8480.922510818578,12.435167352668941,14.542600977700204,12.992412446066737,0.0,0.0,0.0,0.0,0.0,0.0,0.0,0.0,1751578904.214056,0.0
186.0,8217.282003342174,10.546517875045538,14.961469772737473,12.352889553643763,0.0,0.0,0.0,0.0,0.0,0.0,0.0,0.0,1751578904.214056,0.0
187.0,8465.39818610251,15.064317021518946,14.351866079960018,10.684894173406065,0.0,0.0,0.0,0.0,0.0,0.0,0.0,0.0,1751578904.2148652,0.0
187.0,8128.246205097064,15.763678313232958,19.621385117527097,14.174220832064748,0.0,0.0,0.0,0.0,0.0,0.0,0.0,0.0,1751578904.2148652,0.0
188.0,8090.9893217384815,15.591642915271223,12.30240090424195,15.587903015315533,0.0,0.0,0.0,0.0,0.0,0.0,0.0,0.0,1751578904.2282524,0.0
188.0,7634.3681065985,11.163601367734373,8.502662549261004,14.402354729361832,0.0,0.0,0.0,0.0,0.0,0.0,0.0,0.0,1751578904.2282524,0.0
189.0,8001.708560046274,18.07119658589363,23.241608274634928,26.643047284334898,0.0,0.0,0.0,0.0,0.0,0.0,0.0,0.0,1751578904.244109,0.0
189.0,7969.874531623442,9.64894188567996,8.831773745361716,11.500192363746464,0.0,0.0,0.0,0.0,0.0,0.0,0.0,0.0,1751578904.244109,0.0
190.0,8392.105496720877,17.944039987400174,16.977275848854333,12.543624451383948,0.0,0.0,0.0,0.0,0.0,0.0,0.0,0.0,1751578904.244733,0.0
190.0,8131.032430564053,21.190273148939013,22.474928783718497,22.764771030284464,0.0,0.0,0.0,0.0,0.0,0.0,0.0,0.0,1751578904.244733,0.0
191.0,8408.583495925646,12.674520949833095,11.85361290955916,16.578976503573358,0.0,0.0,0.0,0.0,0.0,0.0,0.0,0.0,1751578904.2584002,0.0
191.0,8281.744788928423,17.573789891786873,14.66227777628228,18.1572142848745,0.0,0.0,0.0,0.0,0.0,0.0,0.0,0.0,1751578904.2584002,0.0
192.0,8463.511406574864,12.816637148149312,17.5457406421192,18.90145437605679,0.0,0.0,0.0,0.0,0.0,0.0,0.0,0.0,1751578904.2740946,0.0
192.0,8124.702649889048,14.45845322869718,15.93010386126116,17.057683697901666,0.0,0.0,0.0,0.0,0.0,0.0,0.0,0.0,1751578904.2740946,0.0
193.0,8092.748944667634,11.934020758606493,8.988849543500692,16.03295111004263,0.0,0.0,0.0,0.0,0.0,0.0,0.0,0.0,1751578904.2747965,0.0
193.0,7631.916602177545,8.8186840955168,2.8703732159920037,8.781285095959902,0.0,0.0,0.0,0.0,0.0,0.0,0.0,0.0,1751578904.2747965,0.0
194.0,8014.564466143958,22.09532893821597,21.94760288996622,23.3070565238595,0.0,0.0,0.0,0.0,0.0,0.0,0.0,0.0,1751578904.2884479,0.0
194.0,7972.251238045283,9.166494791395962,9.07860714243725,13.818930336274207,0.0,0.0,0.0,0.0,0.0,0.0,0.0,0.0,1751578904.2884479,0.0
195.0,8397.242249310017,12.633382050320506,8.66721814731136,13.25046554300934,0.0,0.0,0.0,0.0,0.0,0.0,0.0,0.0,1751578904.3041263,0.0
195.0,8125.28233438218,20.722785654477775,19.55032701836899,19.866348564624786,0.0,0.0,0.0,0.0,0.0,0.0,0.0,0.0,1751578904.3041263,0.0
196.0,8482.467089500278,16.982885698787868,18.858445526566356,14.353736029937863,0.0,0.0,0.0,0.0,0.0,0.0,0.0,0.0,1751578904.3047397,0.0
196.0,8207.057116863318,13.108349344693124,9.45633703796193,14.0807233331725,0.0,0.0,0.0,0.0,0.0,0.0,0.0,0.0,1751578904.3047397,0.0
197.0,8451.934546262026,17.798183889128268,14.30324738053605,18.755598277784884,0.0,0.0,0.0,0.0,0.0,0.0,0.0,0.0,1751578904.3182528,0.0
197.0,8497.146196826361,22.14394763763994,21.640931093599647,23.434213122352958,0.0,0.0,0.0,0.0,0.0,0.0,0.0,0.0,1751578904.3182528,0.0
198.0,8754.946850521956,9.562924186699092,5.8548133806325495,11.395475164987147,0.0,0.0,0.0,0.0,0.0,0.0,0.0,0.0,1751578904.3339174,0.0
198.0,8580.344011240639,14.959599822759628,9.276821840088814,10.333343577571213,0.0,0.0,0.0,0.0,0.0,0.0,0.0,0.0,1751578904.3339174,0.0
199.0,8990.663394979201,26.471011886373162,23.024694077204913,26.856221581809223,0.0,0.0,0.0,0.0,0.0,0.0,0.0,0.0,1751578904.3346052,0.0
199.0,8932.95299876295,8.713966896757483,8.992589443456382,8.721446696668863,0.0,0.0,0.0,0.0,0.0,0.0,0.0,0.0,1751578904.3346052,0.0
200.0,9359.200616412796,12.319230454042554,14.553820677567273,16.373282006010413,0.0,0.0,0.0,0.0,0.0,0.0,0.0,0.0,1751578904.348878,0.0
200.0,9100.375230129343,18.763078077696264,18.574213129933923,20.715305854566395,0.0,0.0,0.0,0.0,0.0,0.0,0.0,0.0,1751578904.348878,0.0
0.0,-429.175959315151,11.745155810844153,12.199553655460477,12.820377048105001,0.0,0.0,0.0,0.0,0.0,0.0,0.0,0.0,1751578904.3496432,0.0
101.0,-521.3121346235275,15.170904170256108,18.44892648141831,20.96213925164193,0.0,0.0,0.0,0.0,0.0,0.0,0.0,0.0,1751578904.3634863,0.0
101.0,-377.8383526233956,17.09695264743641,16.612635603174567,14.376175429672003,0.0,0.0,0.0,0.0,0.0,0.0,0.0,0.0,1751578904.3634863,0.0
102.0,-717.7242004964501,17.53826084220782,15.348549418151379,15.72627931367606,0.0,0.0,0.0,0.0,0.0,0.0,0.0,0.0,1751578904.379119,0.0
102.0,-710.1490331362002,18.76494802767411,13.878768735565245,10.707333573140204,0.0,0.0,0.0,0.0,0.0,0.0,0.0,0.0,1751578904.379119,0.0
103.0,-221.44882612628862,8.764455546159297,8.47835319954902,8.108103103935719,0.0,0.0,0.0,0.0,0.0,0.0,0.0,0.0,1751578904.3798733,0.0
103.0,185.52708705188707,23.219168874900788,20.57692955620587,31.291742929257452,0.0,0.0,0.0,0.0,0.0,0.0,0.0,0.0,1751578904.3798733,0.0
104.0,134.61582895508036,9.968703331891447,10.980346269905567,14.05080413352698,0.0,0.0,0.0,0.0,0.0,0.0,0.0,0.0,1751578904.3933227,0.0
104.0,544.5874019977637,13.09151979489252,14.204140031710267,14.578130027279258,0.0,0.0,0.0,0.0,0.0,0.0,0.0,0.0,1751578904.3933227,0.0
105.0,274.11222735233605,18.28250093339011,19.133328173309565,27.473305074498057,0.0,0.0,0.0,0.0,0.0,0.0,0.0,0.0,1751578904.4091125,0.0
105.0,656.9863552660681,14.643578276503831,14.671627526171505,15.236352419480681,0.0,0.0,0.0,0.0,0.0,0.0,0.0,0.0,1751578904.4091125,0.0
106.0,366.0483180130832,14.370565579738468,13.568357039242983,13.736652537249029,0.0,0.0,0.0,0.0,0.0,0.0,0.0,0.0,1751578904.4096663,0.0
106.0,599.7210071445443,15.88896496174857,18.47510578110814,19.813989965245128,0.0,0.0,0.0,0.0,0.0,0.0,0.0,0.0,1751578904.4096663,0.0
107.0,662.7458011978306,19.5465871184133,18.0824162857607,19.963585963472724,0.0,0.0,0.0,0.0,0.0,0.0,0.0,0.0,1751578904.423304,0.0
107.0,904.0572359887883,13.143878394272178,13.901208135299385,10.84196997154504,0.0,0.0,0.0,0.0,0.0,0.0,0.0,0.0,1751578904.423304,0.0
108.0,714.0273093902506,7.485409761313349,10.000492481514812,5.407895335927606,0.0,0.0,0.0,0.0,0.0,0.0,0.0,0.0,1751578904.4391985,0.0
108.0,1171.372195171658,23.712835669051856,22.843308929353952,23.35193532332778,0.0,0.0,0.0,0.0,0.0,0.0,0.0,0.0,1751578904.4391985,0.0
109.0,1098.851795130875,11.210350117180496,9.899515182711184,14.89228162355721,0.0,0.0,0.0,0.0,0.0,0.0,0.0,0.0,1751578904.4397674,0.0
109.0,1527.9080776474439,13.846979585941881,13.515998439863324,12.386548653244972,0.0,0.0,0.0,0.0,0.0,0.0,0.0,0.0,1751578904.4397674,0.0
110.0,1245.8915717387572,21.88776449067518,16.54157750401646,23.452912622131407,0.0,0.0,0.0,0.0,0.0,0.0,0.0,0.0,1751578904.4533823,0.0
110.0,1535.7880468540825,9.224463240709156,6.948734117671847,16.332143106497824,0.0,0.0,0.0,0.0,0.0,0.0,0.0,0.0,1751578904.4533823,0.0
111.0,1451.1690704566427,16.464909554924816,17.31947669479996,20.202939560636878,0.0,0.0,0.0,0.0,0.0,0.0,0.0,0.0,1751578904.4690182,0.0
111.0,1576.8895473671146,14.355605979915708,14.301377430558205,14.712766425684094,0.0,0.0,0.0,0.0,0.0,0.0,0.0,0.0,1751578904.4690182,0.0
112.0,1320.6615216028877,11.139292018022388,11.967679858207703,19.799030365422368,0.0,0.0,0.0,0.0,0.0,0.0,0.0,0.0,1751578904.4696512,0.0
112.0,1196.1714717778377,16.206856457982212,12.04995765723288,11.096283168531954,0.0,0.0,0.0,0.0,0.0,0.0,0.0,0.0,1751578904.4696512,0.0
113.0,732.1826537251472,12.126625606324524,8.399815300479531,11.137422068044543,0.0,0.0,0.0,0.0,0.0,0.0,0.0,0.0,1751578904.4835064,0.0
113.0,1195.6647153338417,23.664216969627887,21.650280843488872,22.15142743755132,0.0,0.0,0.0,0.0,0.0,0.0,0.0,0.0,1751578904.4835064,0.0
114.0,1123.7426992859691,12.70631009945646,13.65811463817954,6.974913417361677,0.0,0.0,0.0,0.0,0.0,0.0,0.0,0.0,1751578904.4990134,0.0
114.0,1519.2146802004427,12.70631009945646,11.24961906671524,16.48173910472542,0.0,0.0,0.0,0.0,0.0,0.0,0.0,0.0,1751578904.4990134,0.0
115.0,1238.9521873709746,20.904170802328736,18.05997688602656,22.779730630107224,0.0,0.0,0.0,0.0,0.0,0.0,0.0,0.0,1751578904.4999788,0.0
115.0,1622.9333256715909,10.140738729853183,10.961646770127118,14.394874929450452,0.0,0.0,0.0,0.0,0.0,0.0,0.0,0.0,1751578904.4999788,0.0
116.0,1372.891094434075,13.805840686429292,16.44808000512421,20.730265454389155,0.0,0.0,0.0,0.0,0.0,0.0,0.0,0.0,1751578904.5133572,0.0
116.0,1559.3288471251726,14.407964579295367,12.8577760476619,16.50791840441525,0.0,0.0,0.0,0.0,0.0,0.0,0.0,0.0,1751578904.5133572,0.0
117.0,1252.4999749604613,12.878345497418195,18.385348182171583,15.385948417708278,0.0,0.0,0.0,0.0,0.0,0.0,0.0,0.0,1751578904.529037,0.0
117.0,1261.4551654043607,12.975582896266133,12.88395534735173,15.109195820987225,0.0,0.0,0.0,0.0,0.0,0.0,0.0,0.0,1751578904.529037,0.0
118.0,1724.0733101232909,10.810180821921676,10.632535574026406,11.806864160113037,0.0,0.0,0.0,0.0,0.0,0.0,0.0,0.0,1751578904.529801,0.0
118.0,2168.8371724537574,26.3270257380791,25.450019198469818,19.66813386697322,0.0,0.0,0.0,0.0,0.0,0.0,0.0,0.0,1751578904.529801,0.0
119.0,2093.9643753408454,10.903678320813924,8.134282403625548,12.764278548769653,0.0,0.0,0.0,0.0,0.0,0.0,0.0,0.0,1751578904.5433764,0.0
119.0,2497.335024961736,13.375752191524953,10.019191981293261,10.726033072918653,0.0,0.0,0.0,0.0,0.0,0.0,0.0,0.0,1751578904.5433764,0.0
120.0,2217.457741827704,25.53790684742853,19.66439396701753,21.586702544242144,0.0,0.0,0.0,0.0,0.0,0.0,0.0,0.0,1751578904.5589874,0.0
120.0,2633.658118246589,14.957729872781783,12.334190053865314,15.423347417265177,0.0,0.0,0.0,0.0,0.0,0.0,0.0,0.0,1751578904.5589874,0.0
121.0,2340.064752025064,15.099846071098,14.45471332874149,18.94633317552507,0.0,0.0,0.0,0.0,0.0,0.0,0.0,0.0,1751578904.5597184,0.0
121.0,2505.282312367577,15.533674465958029,12.633382050320506,13.841369736008346,0.0,0.0,0.0,0.0,0.0,0.0,0.0,0.0,1751578904.5597184,0.0
122.0,2332.308199516963,16.36393225612119,12.809157348237932,18.815436677075922,0.0,0.0,0.0,0.0,0.0,0.0,0.0,0.0,1751578904.573331,0.0
122.0,2154.0982267283835,13.633805288467556,18.303070383146405,13.415021141059697,0.0,0.0,0.0,0.0,0.0,0.0,0.0,0.0,1751578904.573331,0.0
123.0,1709.0482620513067,5.521962284576148,8.83738359529525,10.374482477083802,0.0,0.0,0.0,0.0,0.0,0.0,0.0,0.0,1751578904.589184,0.0
123.0,2183.364813831635,22.818999579641968,23.164940325543284,26.740284683182836,0.0,0.0,0.0,0.0,0.0,0.0,0.0,0.0,1751578904.589184,0.0
124.0,2081.1084692431614,11.285148116294295,8.908441694453359,12.558584051206708,0.0,0.0,0.0,0.0,0.0,0.0,0.0,0.0,1751578904.5899084,0.0
124.0,2523.8976643970236,12.380938803311437,13.822670236229897,12.397768353112042,0.0,0.0,0.0,0.0,0.0,0.0,0.0,0.0,1751578904.5899084,0.0
125.0,2213.2185652279295,20.556360106449574,21.111735249869525,21.141654449515045,0.0,0.0,0.0,0.0,0.0,0.0,0.0,0.0,1751578904.603487,0.0
125.0,2579.9662445327267,11.741415910888463,7.322724113240838,10.344563277438283,0.0,0.0,0.0,0.0,0.0,0.0,0.0,0.0,1751578904.603487,0.0
126.0,2380.105990900658,16.782801051158458,14.91846092324704,18.205832984298468,0.0,0.0,0.0,0.0,0.0,0.0,0.0,0.0,1751578904.6190236,0.0
126.0,2528.886690937914,15.182123870123178,14.727726025506854,15.853435912169516,0.0,0.0,0.0,0.0,0.0,0.0,0.0,0.0,1751578904.6190236,0.0
127.0,2293.5273069264367,13.11395919462666,18.841615976765752,16.582716403529048,0.0,0.0,0.0,0.0,0.0,0.0,0.0,0.0,1751578904.6197495,0.0
127.0,2200.9535633232445,15.212043069768697,14.989519022405148,15.228872619569302,0.0,0.0,0.0,0.0,0.0,0.0,0.0,0.0,1751578904.6197495,0.0
128.0,2680.992162035778,8.6522585474886,5.778145431540906,10.88684877101332,0.0,0.0,0.0,0.0,0.0,0.0,0.0,0.0,1751578904.6332982,0.0
128.0,3169.0341466534883,23.768934168387204,24.61976140830666,28.767310459166765,0.0,0.0,0.0,0.0,0.0,0.0,0.0,0.0,1751578904.6332982,0.0
129.0,3069.7360629299656,8.031435154844075,12.581023450940847,10.673674473538995,0.0,0.0,0.0,0.0,0.0,0.0,0.0,0.0,1751578904.6490664,0.0
129.0,3496.914915668778,12.485656002070755,11.818083859980106,14.559430527500808,0.0,0.0,0.0,0.0,0.0,0.0,0.0,0.0,1751578904.6490664,0.0
130.0,3186.426551397424,24.486994959879667,20.11318196170032,24.58984220866114,0.0,0.0,0.0,0.0,0.0,0.0,0.0,0.0,1751578904.64983,0.0
130.0,3565.9684284506366,15.148464770521969,11.032704869285226,15.389688317663968,0.0,0.0,0.0,0.0,0.0,0.0,0.0,0.0,1751578904.64983,0.0
131.0,3351.6310220900923,15.432697167154402,12.790457848459482,16.55279720388353,0.0,0.0,0.0,0.0,0.0,0.0,0.0,0.0,1751578904.679803,0.0
131.0,3508.183234235272,16.479869154747576,16.736052301712334,12.143455156125128,0.0,0.0,0.0,0.0,0.0,0.0,0.0,0.0,1751578904.679803,0.0
132.0,3289.462665126659,17.06703344779089,18.49754518084228,18.97625237517059,0.0,0.0,0.0,0.0,0.0,0.0,0.0,0.0,1751578904.6805766,0.0
132.0,3167.650383669883,14.243408981245011,10.172527879476547,18.224532484076917,0.0,0.0,0.0,0.0,0.0,0.0,0.0,0.0,1751578904.6805766,0.0
133.0,2679.195140107069,10.23797612870112,8.642908797599375,14.46967292856425,0.0,0.0,0.0,0.0,0.0,0.0,0.0,0.0,1751578904.6812582,0.0
133.0,2196.1066529806703,24.483255059923977,22.345902235247195,23.651127319782972,0.0,0.0,0.0,0.0,0.0,0.0,0.0,0.0,1751578904.6812582,0.0
134.0,2099.8640675209463,11.84613310964778,12.356629453599453,12.618422450497746,0.0,0.0,0.0,0.0,0.0,0.0,0.0,0.0,1751578904.6932895,0.0
134.0,2508.792208475992,15.716929563786834,15.905794511549175,13.407541341148317,0.0,0.0,0.0,0.0,0.0,0.0,0.0,0.0,1751578904.6932895,0.0
135.0,2190.853963492904,20.39180450839922,19.825209665112197,22.14020773768425,0.0,0.0,0.0,0.0,0.0,0.0,0.0,0.0,1751578904.7090685,0.0
135.0,2629.4039820469916,16.25921505736187,12.124755656346679,20.16180066112429,0.0,0.0,0.0,0.0,0.0,0.0,0.0,0.0,1751578904.7090685,0.0
136.0,2343.8364411303774,14.987649072427303,17.465332793071866,15.875875311903656,0.0,0.0,0.0,0.0,0.0,0.0,0.0,0.0,1751578904.7097468,0.0
136.0,2511.0698075490072,12.149065006058663,13.209326643496752,14.51081182807684,0.0,0.0,0.0,0.0,0.0,0.0,0.0,0.0,1751578904.7097468,0.0
137.0,2655.040996243246,20.100092311855406,21.036937250755727,21.571742944419384,0.0,0.0,0.0,0.0,0.0,0.0,0.0,0.0,1751578904.7233007,0.0
137.0,2874.563773892354,12.010688707698137,10.662454773671925,8.04826470464468,0.0,0.0,0.0,0.0,0.0,0.0,0.0,0.0,1751578904.7233007,0.0
138.0,2635.137248679064,10.26789532834664,9.843416683375835,8.347456701099873,0.0,0.0,0.0,0.0,0.0,0.0,0.0,0.0,1751578904.7391143,0.0
138.0,2193.759865758475,18.211442834232002,24.55618310905993,23.045263526961207,0.0,0.0,0.0,0.0,0.0,0.0,0.0,0.0,1751578904.7391143,0.0
139.0,2097.962328393478,11.397345114964992,9.196413991041481,9.521785287186503,0.0,0.0,0.0,0.0,0.0,0.0,0.0,0.0,1751578904.7398937,0.0
139.0,2515.847529742401,12.29492110433057,13.845109635964036,19.847649064846337,0.0,0.0,0.0,0.0,0.0,0.0,0.0,0.0,1751578904.7398937,0.0
140.0,2191.0241289408877,24.883424355182797,21.968172339722514,22.218745636753738,0.0,0.0,0.0,0.0,0.0,0.0,0.0,0.0,1751578904.7533708,0.0
140.0,2544.6297998013906,14.022754883859307,12.86151594761759,15.494405516423285,0.0,0.0,0.0,0.0,0.0,0.0,0.0,0.0,1751578904.7533708,0.0
141.0,2421.2392805633135,18.080546335782856,12.195813755504787,17.439153493382037,0.0,0.0,0.0,0.0,0.0,0.0,0.0,0.0,1751578904.768934,0.0
141.0,2507.5599114405923,12.571673701051623,16.410681005567312,15.71879951376468,0.0,0.0,0.0,0.0,0.0,0.0,0.0,0.0,1751578904.768934,0.0
142.0,2298.6079610162415,14.946510172914714,15.71879951376468,14.49959212820977,0.0,0.0,0.0,0.0,0.0,0.0,0.0,0.0,1751578904.7696705,0.0
142.0,2205.809823415708,16.913697549607605,9.615282786078751,16.09652940928936,0.0,0.0,0.0,0.0,0.0,0.0,0.0,0.0,1751578904.7696705,0.0
143.0,2667.2050208491273,8.27078875200823,7.169388215057552,7.64435550943017,0.0,0.0,0.0,0.0,0.0,0.0,0.0,0.0,1751578904.7834578,0.0
143.0,2215.176402854733,19.830819515045732,20.90230085235089,20.12440166156739,0.0,0.0,0.0,0.0,0.0,0.0,0.0,0.0,1751578904.7834578,0.0
144.0,2097.971678143367,8.416644850280136,9.547964586876333,14.48089262843132,0.0,0.0,0.0,0.0,0.0,0.0,0.0,0.0,1751578904.7990499,0.0
144.0,2509.697264265269,17.642978040967137,16.388241605833173,15.7113197138533,0.0,0.0,0.0,0.0,0.0,0.0,0.0,0.0,1751578904.7990499,0.0
145.0,2182.7196810892783,20.77701420383528,22.92184682842344,24.301869912073016,0.0,0.0,0.0,0.0,0.0,0.0,0.0,0.0,1751578904.7997725,0.0
145.0,2563.6528009260073,11.969549808185548,10.08651018049568,16.05913040973246,0.0,0.0,0.0,0.0,0.0,0.0,0.0,0.0,1751578904.7997725,0.0
146.0,2418.881273641251,14.935290473047644,14.87358212377876,18.05623698607087,0.0,0.0,0.0,0.0,0.0,0.0,0.0,0.0,1751578904.813573,0.0
146.0,2501.2151711657643,17.97582913702354,9.394628688693047,14.237799131311476,0.0,0.0,0.0,0.0,0.0,0.0,0.0,0.0,1751578904.813573,0.0
147.0,2337.0335631109774,15.563593665603548,16.51539820432663,15.30741051863879,0.0,0.0,0.0,0.0,0.0,0.0,0.0,0.0,1751578904.82919,0.0
147.0,2175.873794220388,15.025048071984202,12.06491725705564,17.947779887355864,0.0,0.0,0.0,0.0,0.0,0.0,0.0,0.0,1751578904.82919,0.0
148.0,2664.435624931939,10.817660621833056,7.042231616564095,11.335636765696108,0.0,0.0,0.0,0.0,0.0,0.0,0.0,0.0,1751578904.829808,0.0
148.0,2212.392047337722,22.560946482699364,22.17760673724115,24.032597115263343,0.0,0.0,0.0,0.0,0.0,0.0,0.0,0.0,1751578904.829808,0.0
149.0,2105.1915550078265,8.599899948108941,6.963693717494607,9.405848388560116,0.0,0.0,0.0,0.0,0.0,0.0,0.0,0.0,1751578904.8433444,0.0
149.0,2510.4882531058975,12.343539803754538,14.8960215235129,17.012804898433387,0.0,0.0,0.0,0.0,0.0,0.0,0.0,0.0,1751578904.8433444,0.0
150.0,2180.4364721663296,19.9168372140266,21.874674840830266,18.332989582791924,0.0,0.0,0.0,0.0,0.0,0.0,0.0,0.0,1751578904.8590736,0.0
150.0,2647.9295764775015,16.928657149430364,19.488618669100106,15.819776812568307,0.0,0.0,0.0,0.0,0.0,0.0,0.0,0.0,1751578904.8590736,0.0
151.0,2331.922989821527,18.192743334453553,17.225979195907712,20.195459760725498,0.0,0.0,0.0,0.0,0.0,0.0,0.0,0.0,1751578904.8597803,0.0
151.0,2490.5022277426906,12.519315101671964,10.812050771899521,15.632781814783812,0.0,0.0,0.0,0.0,0.0,0.0,0.0,0.0,1751578904.8597803,0.0
152.0,2670.189461013768,18.002008436713368,17.431673693470657,23.70348591916263,0.0,0.0,0.0,0.0,0.0,0.0,0.0,0.0,1751578904.8734305,0.0
152.0,2878.3018038980663,8.67469794722274,7.9061485063284636,11.100023068487644,0.0,0.0,0.0,0.0,0.0,0.0,0.0,0.0,1751578904.8734305,0.0
153.0,2612.695978994947,11.670357811730355,5.303178137168288,9.013158893212676,0.0,0.0,0.0,0.0,0.0,0.0,0.0,0.0,1751578904.8890867,0.0
153.0,2209.5889923209324,24.217722163069993,24.047556715086102,21.994351639412344,0.0,0.0,0.0,0.0,0.0,0.0,0.0,0.0,1751578904.8890867,0.0
154.0,2093.6745330942795,8.26704885205254,9.914474782533944,15.857175812125206,0.0,0.0,0.0,0.0,0.0,0.0,0.0,0.0,1751578904.889814,0.0
154.0,2498.8104154942557,14.935290473047644,11.65726816188544,12.749318948946893,0.0,0.0,0.0,0.0,0.0,0.0,0.0,0.0,1751578904.889814,0.0
155.0,2183.871570275631,22.579645982477814,18.662100778892636,20.629288155585527,0.0,0.0,0.0,0.0,0.0,0.0,0.0,0.0,1751578904.903315,0.0
155.0,2567.0037512863055,5.181631388608366,10.333343577571213,14.90350132342428,0.0,0.0,0.0,0.0,0.0,0.0,0.0,0.0,1751578904.903315,0.0
156.0,2410.0251905461773,21.611011893954128,17.828103088773787,17.506471692584455,0.0,0.0,0.0,0.0,0.0,0.0,0.0,0.0,1751578904.9192553,0.0
156.0,2485.66092725005,14.426664079073817,14.940900322981179,19.638214667327702,0.0,0.0,0.0,0.0,0.0,0.0,0.0,0.0,1751578904.9192553,0.0
157.0,2338.4098462946713,16.808980350848287,15.471966116689146,16.56775680370629,0.0,0.0,0.0,0.0,0.0,0.0,0.0,0.0,1751578904.9197636,0.0
157.0,2183.8659604256973,17.280207745265216,15.748718713410199,14.09942283295095,0.0,0.0,0.0,0.0,0.0,0.0,0.0,0.0,1751578904.9197636,0.0
158.0,2645.0853825611994,10.021061931271106,9.948133882135153,10.07529048062861,0.0,0.0,0.0,0.0,0.0,0.0,0.0,0.0,1751578904.9335563,0.0
158.0,2228.421258547809,23.92227006657049,23.415513622574508,27.503224274143577,0.0,0.0,0.0,0.0,0.0,0.0,0.0,0.0,1751578904.9335563,0.0
159.0,2109.2568262596615,12.893305097240955,6.088557127863169,5.385455936193466,0.0,0.0,0.0,0.0,0.0,0.0,0.0,0.0,1751578904.9491158,0.0
159.0,2507.4140553423204,16.816460150759667,10.999045769684017,16.025471310131252,0.0,0.0,0.0,0.0,0.0,0.0,0.0,0.0,1751578904.9491158,0.0
160.0,2174.5872686356306,23.032173877116293,21.29125044774264,26.295236588455737,0.0,0.0,0.0,0.0,0.0,0.0,0.0,0.0,1751578904.9499288,0.0
160.0,2664.6319696796127,15.634651764761657,11.862962659448385,11.488972663879395,0.0,0.0,0.0,0.0,0.0,0.0,0.0,0.0,1751578904.9499288,0.0
161.0,2341.500873608049,17.11191224725917,15.528064616024494,14.48463252838701,0.0,0.0,0.0,0.0,0.0,0.0,0.0,0.0,1751578904.9633284,0.0
161.0,2470.5087225795723,12.119145806413144,13.329003442078829,17.977699087001383,0.0,0.0,0.0,0.0,0.0,0.0,0.0,0.0,1751578904.9633284,0.0
162.0,2313.6834977376275,15.821646762546152,14.05454403348267,15.097976121120155,0.0,0.0,0.0,0.0,0.0,0.0,0.0,0.0,1751578904.9790907,0.0
162.0,2201.9315471616574,13.035421295557171,13.523478239774704,11.27953826636076,0.0,0.0,0.0,0.0,0.0,0.0,0.0,0.0,1751578904.9790907,0.0
163.0,2645.861411802005,4.901138891931623,7.891188906505704,7.191827614791691,0.0,0.0,0.0,0.0,0.0,0.0,0.0,0.0,1751578904.9799109,0.0
163.0,2229.2683458877727,21.622231593821198,24.17097341362387,24.234551712870598,0.0,0.0,0.0,0.0,0.0,0.0,0.0,0.0,1751578904.9799109,0.0
164.0,2106.5809278413653,11.217829917091876,9.413328188471496,12.001338957808912,0.0,0.0,0.0,0.0,0.0,0.0,0.0,0.0,1751578904.9934254,0.0
164.0,2517.3752788743004,13.039161195512861,12.251912254840136,17.098822597414255,0.0,0.0,0.0,0.0,0.0,0.0,0.0,0.0,1751578904.9934254,0.0
165.0,2170.2919935365207,21.11734509980306,20.378714858554304,30.24457094166428,0.0,0.0,0.0,0.0,0.0,0.0,0.0,0.0,1751578905.008957,0.0
165.0,1707.6626291177236,15.391558267641813,9.914474782533944,16.46677950490266,0.0,0.0,0.0,0.0,0.0,0.0,0.0,0.0,1751578905.008957,0.0
166.0,1335.7183588244952,13.753482087049633,12.592243150807917,17.27833779528737,0.0,0.0,0.0,0.0,0.0,0.0,0.0,0.0,1751578905.0098212,0.0
166.0,1484.8655690574087,14.112512482795864,12.360369353555143,13.964786434546113,0.0,0.0,0.0,0.0,0.0,0.0,0.0,0.0,1751578905.0098212,0.0
167.0,1349.7018447588198,12.332320103887469,16.578976503573358,16.395721405744553,0.0,0.0,0.0,0.0,0.0,0.0,0.0,0.0,1751578905.0234213,0.0
167.0,1221.1315640821122,17.05955364787951,13.889988435432315,18.56112348008901,0.0,0.0,0.0,0.0,0.0,0.0,0.0,0.0,1751578905.0234213,0.0
168.0,1677.578873874154,13.708603287581354,7.9472874058410525,8.149242003448308,0.0,0.0,0.0,0.0,0.0,0.0,0.0,0.0,1751578905.0389721,0.0
168.0,1243.722429764457,24.561792958993465,26.52711038570851,29.35073485225439,0.0,0.0,0.0,0.0,0.0,0.0,0.0,0.0,1751578905.0389721,0.0
169.0,1130.5081783058122,12.003208907786757,10.759692172519863,7.689234308898449,0.0,0.0,0.0,0.0,0.0,0.0,0.0,0.0,1751578905.039806,0.0
169.0,1523.7063000472263,13.155098094139248,8.781285095959902,14.548210827633739,0.0,0.0,0.0,0.0,0.0,0.0,0.0,0.0,1751578905.039806,0.0
170.0,1178.582722286228,21.49881489528343,19.036090774461627,18.91267407592386,0.0,0.0,0.0,0.0,0.0,0.0,0.0,0.0,1751578905.0533805,0.0
170.0,692.8033771417104,12.739969199057668,16.253605207428336,14.372435529716313,0.0,0.0,0.0,0.0,0.0,0.0,0.0,0.0,1751578905.0533805,0.0
171.0,383.6146281049587,14.422924179118127,14.163001132197678,18.4900653809309,0.0,0.0,0.0,0.0,0.0,0.0,0.0,0.0,1751578905.069162,0.0
171.0,505.0678791659884,12.392158503178507,14.013405133970082,14.641708326525986,0.0,0.0,0.0,0.0,0.0,0.0,0.0,0.0,1751578905.069162,0.0
172.0,374.7809844096191,16.457429755013436,14.245278931222856,18.688280078582466,0.0,0.0,0.0,0.0,0.0,0.0,0.0,0.0,1751578905.0697124,0.0
172.0,237.33592113805935,12.193943805526942,15.995552110485733,15.382208517752588,0.0,0.0,0.0,0.0,0.0,0.0,0.0,0.0,1751578905.0697124,0.0
173.0,663.3180058910511,12.867125797551125,10.04537128098309,10.142608679831028,0.0,0.0,0.0,0.0,0.0,0.0,0.0,0.0,1751578905.0835838,0.0
173.0,291.7009768439457,25.006841053720564,23.987718315795064,24.354228511452675,0.0,0.0,0.0,0.0,0.0,0.0,0.0,0.0,1751578905.0835838,0.0
174.0,160.83065769448876,8.566240848507732,11.818083859980106,12.278091554529965,0.0,0.0,0.0,0.0,0.0,0.0,0.0,0.0,1751578905.0991416,0.0
174.0,549.1033311942592,13.532827989663929,6.466287023387849,13.515998439863324,0.0,0.0,0.0,0.0,0.0,0.0,0.0,0.0,1751578905.0991416,0.0
175.0,195.53131943335757,20.201069610659033,20.386194658465683,24.384147711098194,0.0,0.0,0.0,0.0,0.0,0.0,0.0,0.0,1751578905.0998,0.0
175.0,-236.8385144439526,10.372612527105957,11.193520567379892,13.317783742211759,0.0,0.0,0.0,0.0,0.0,0.0,0.0,0.0,1751578905.0998,0.0
176.0,-623.3721344643272,18.196483234409243,16.332143106497824,18.033797586336732,0.0,0.0,0.0,0.0,0.0,0.0,0.0,0.0,1751578905.1135232,0.0
176.0,-492.53173451451585,14.516421678010374,12.173374355770648,12.573543651029468,0.0,0.0,0.0,0.0,0.0,0.0,0.0,0.0,1751578905.1135232,0.0
177.0,-251.53258136985824,21.06124660046771,23.75584451854229,23.00412462744862,0.0,0.0,0.0,0.0,0.0,0.0,0.0,0.0,1751578905.1290262,0.0
177.0,-55.61605224106461,12.115405906457454,12.128495556302369,15.382208517752588,0.0,0.0,0.0,0.0,0.0,0.0,0.0,0.0,1751578905.1290262,0.0
178.0,-359.7503264877014,8.581200448330492,5.950180829502642,6.802878019399941,0.0,0.0,0.0,0.0,0.0,0.0,0.0,0.0,1751578905.129907,0.0
178.0,-690.0078019248322,25.11903805239126,26.388734087347984,24.305609812028706,0.0,0.0,0.0,0.0,0.0,0.0,0.0,0.0,1751578905.129907,0.0
179.0,-835.291695503518,9.108526342082769,10.617575974203646,10.404401676729321,0.0,0.0,0.0,0.0,0.0,0.0,0.0,0.0,1751578905.143304,0.0
179.0,-452.5428542383015,12.197683705482632,12.629642150364816,15.053097321651876,0.0,0.0,0.0,0.0,0.0,0.0,0.0,0.0,1751578905.143304,0.0
180.0,-781.4240464917384,19.224955722223967,19.38764137029648,22.794690229929984,0.0,0.0,0.0,0.0,0.0,0.0,0.0,0.0,1751578905.1591077,0.0
180.0,-355.2755361907184,14.460323178675026,14.200400131754577,9.28991148993373,0.0,0.0,0.0,0.0,0.0,0.0,0.0,0.0,1751578905.1591077,0.0
181.0,-528.627378936857,17.186710246372968,17.64110809098929,21.7886571418494,0.0,0.0,0.0,0.0,0.0,0.0,0.0,0.0,1751578905.159773,0.0
181.0,-485.80552444420755,19.52788761863485,15.935713711194694,18.815436677075922,0.0,0.0,0.0,0.0,0.0,0.0,0.0,0.0,1751578905.159773,0.0
182.0,-564.0554512171075,18.402177731972188,15.255051919259131,22.353382035158575,0.0,0.0,0.0,0.0,0.0,0.0,0.0,0.0,1751578905.173318,0.0
182.0,-771.7283558566123,12.470696402247995,10.793351272121072,18.97625237517059,0.0,0.0,0.0,0.0,0.0,0.0,0.0,0.0,1751578905.173318,0.0
183.0,-329.0775370011106,8.730796446558088,7.105809915810823,8.84860329516232,0.0,0.0,0.0,0.0,0.0,0.0,0.0,0.0,1751578905.188963,0.0
183.0,-661.0591063178144,21.9550826898776,24.814236206002533,26.777683682739735,0.0,0.0,0.0,0.0,0.0,0.0,0.0,0.0,1751578905.188963,0.0
184.0,-798.9379979842342,8.891612144652754,6.492466323077679,7.936067705973983,0.0,0.0,0.0,0.0,0.0,0.0,0.0,0.0,1751578905.1899114,0.0
184.0,-450.6747742104344,15.52245476609096,10.266025378368795,13.994705634191632,0.0,0.0,0.0,0.0,0.0,0.0,0.0,0.0,1751578905.1899114,0.0
185.0,-788.5466859573498,18.914544025901705,17.510211592540145,17.599969191476703,0.0,0.0,0.0,0.0,0.0,0.0,0.0,0.0,1751578905.203405,0.0
185.0,-1200.2311331797391,12.889565197285265,13.321523642167449,19.537237368524075,0.0,0.0,0.0,0.0,0.0,0.0,0.0,0.0,1751578905.203405,0.0
186.0,-1628.8797666011378,14.198530181776732,13.594536338932812,12.951273546554148,0.0,0.0,0.0,0.0,0.0,0.0,0.0,0.0,1751578905.219086,0.0
186.0,-1482.159751439467,14.879191973712295,14.421054229140282,11.619869162328541,0.0,0.0,0.0,0.0,0.0,0.0,0.0,0.0,1751578905.219086,0.0
187.0,-1223.0594825092703,17.08947284752503,22.413220434449613,22.416960334405303,0.0,0.0,0.0,0.0,0.0,0.0,0.0,0.0,1751578905.2197688,0.0
187.0,-1038.740383143071,14.060153883416206,9.64146208576858,12.812897248193622,0.0,0.0,0.0,0.0,0.0,0.0,0.0,0.0,1751578905.2197688,0.0
188.0,-1342.9831144884229,13.663724488113075,9.880815682932734,6.877676018513739,0.0,0.0,0.0,0.0,0.0,0.0,0.0,0.0,1751578905.233406,0.0
188.0,-1667.555941992905,22.35151208518073,25.464978798292577,28.026810267940164,0.0,0.0,0.0,0.0,0.0,0.0,0.0,0.0,1751578905.233406,0.0
189.0,-1812.5630829748698,13.143878394272178,11.907841458916664,12.177114255726337,0.0,0.0,0.0,0.0,0.0,0.0,0.0,0.0,1751578905.2490776,0.0
189.0,-1415.0453767846338,13.573966889176518,10.423101176507771,13.564617139287293,0.0,0.0,0.0,0.0,0.0,0.0,0.0,0.0,1751578905.2490776,0.0
190.0,-1774.2496778788045,20.234728710260242,22.07662943843752,22.405740634538233,0.0,0.0,0.0,0.0,0.0,0.0,0.0,0.0,1751578905.2497883,0.0
190.0,-1317.134795944672,12.2463024049066,12.154674855992198,8.224040002562106,0.0,0.0,0.0,0.0,0.0,0.0,0.0,0.0,1751578905.2497883,0.0
191.0,-1519.3025678494014,17.433543643448502,14.929680623114109,22.92184682842344,0.0,0.0,0.0,0.0,0.0,0.0,0.0,0.0,1751578905.2634578,0.0
191.0,-1486.791617534589,14.351866079960018,11.930280858650804,16.739792201668024,0.0,0.0,0.0,0.0,0.0,0.0,0.0,0.0,1751578905.2634578,0.0
192.0,-1558.8220906811766,17.815013438928872,17.902901087887585,20.401154258288443,0.0,0.0,0.0,0.0,0.0,0.0,0.0,0.0,1751578905.2790804,0.0
192.0,-1733.0378503170796,17.025894548278302,13.171927643939853,13.904948035255075,0.0,0.0,0.0,0.0,0.0,0.0,0.0,0.0,1751578905.2790804,0.0
193.0,-1312.0747113046236,17.11191224725917,10.333343577571213,10.340823377482593,0.0,0.0,0.0,0.0,0.0,0.0,0.0,0.0,1751578905.2797513,0.0
193.0,-1638.9662767816335,22.841438979376107,23.32575602363795,26.269057288765907,0.0,0.0,0.0,0.0,0.0,0.0,0.0,0.0,1751578905.2797513,0.0
194.0,-1785.9593046400696,5.604240083601326,8.343716801144183,11.043924569152296,0.0,0.0,0.0,0.0,0.0,0.0,0.0,0.0,1751578905.293295,0.0
194.0,-1428.2827526777983,13.259815292898566,10.535298175178468,15.778637913055718,0.0,0.0,0.0,0.0,0.0,0.0,0.0,0.0,1751578905.293295,0.0
195.0,-1778.9937409725972,22.818999579641968,23.206079225055873,20.812543253414333,0.0,0.0,0.0,0.0,0.0,0.0,0.0,0.0,1751578905.3090742,0.0
195.0,-2165.5423205927946,13.90307808527723,14.757645225152373,18.774297777563334,0.0,0.0,0.0,0.0,0.0,0.0,0.0,0.0,1751578905.3090742,0.0
196.0,-2592.5715773333795,11.745155810844153,12.311750654131174,15.557983815670013,0.0,0.0,0.0,0.0,0.0,0.0,0.0,0.0,1751578905.3098392,0.0
196.0,-2504.111723681446,18.518114630598575,14.649188126437366,15.70010001398623,0.0,0.0,0.0,0.0,0.0,0.0,0.0,0.0,1751578905.3098392,0.0
197.0,-2521.0160714811645,14.351866079960018,14.611789126880467,14.604309326969087,0.0,0.0,0.0,0.0,0.0,0.0,0.0,0.0,1751578905.3234978,0.0
197.0,-2728.8310923189856,13.626325488556176,10.819530571810901,16.09278950933367,0.0,0.0,0.0,0.0,0.0,0.0,0.0,0.0,1751578905.3234978,0.0
198.0,-2297.0185035350733,15.002608672250062,7.805171207524836,8.167941503226757,0.0,0.0,0.0,0.0,0.0,0.0,0.0,0.0,1751578905.3391469,0.0
198.0,-2628.3418504595757,24.258861062582582,23.70722581911832,24.275690612383187,0.0,0.0,0.0,0.0,0.0,0.0,0.0,0.0,1751578905.3391469,0.0
199.0,-2787.8934623692185,9.389018838759512,8.111843003891408,14.432273929007351,0.0,0.0,0.0,0.0,0.0,0.0,0.0,0.0,1751578905.339811,0.0
199.0,-2375.3376184571534,10.615706024225801,14.11064253281802,13.766571736894548,0.0,0.0,0.0,0.0,0.0,0.0,0.0,0.0,1751578905.339811,0.0
200.0,-2766.4357863734476,19.92431701393798,23.38933432288468,16.732312401756644,0.0,0.0,0.0,0.0,0.0,0.0,0.0,0.0,1751578905.354241,0.0
200.0,-3120.3200797806494,14.71837627561763,17.072643297724426,18.13103498518467,0.0,0.0,0.0,0.0,0.0,0.0,0.0,0.0,1751578905.354241,0.0
0.0,-671.4765976443887,13.957306634634733,14.535121177788824,17.573789891786873,0.0,0.0,0.0,0.0,0.0,0.0,0.0,0.0,1751578905.354869,0.0
101.0,-529.0724270315841,16.279784507118165,14.101292782928795,16.421900705434382,0.0,0.0,0.0,0.0,0.0,0.0,0.0,0.0,1751578905.3684237,0.0
101.0,-541.290680186823,18.46014618128538,15.787987662944943,15.172774120233953,0.0,0.0,0.0,0.0,0.0,0.0,0.0,0.0,1751578905.3684237,0.0
102.0,-776.5266474997625,13.624455538578331,11.588080012705177,18.45640628132969,0.0,0.0,0.0,0.0,0.0,0.0,0.0,0.0,1751578905.3839147,0.0
102.0,-359.1051937453449,6.477506723254919,9.396498638670892,13.994705634191632,0.0,0.0,0.0,0.0,0.0,0.0,0.0,0.0,1751578905.3839147,0.0
103.0,-648.713696564082,24.14105421397835,23.89983066683635,21.474505545571446,0.0,0.0,0.0,0.0,0.0,0.0,0.0,0.0,1751578905.3990595,0.0
103.0,-811.9229306303896,9.64520198572427,12.814767198171467,4.940407841466367,0.0,0.0,0.0,0.0,0.0,0.0,0.0,0.0,1751578905.3990595,0.0
104.0,-431.38811013894156,12.382808753289282,10.67180452356115,14.712766425684094,0.0,0.0,0.0,0.0,0.0,0.0,0.0,0.0,1751578905.3997493,0.0
104.0,-812.7550583705306,21.156614049337804,17.91225083777681,24.051296615041792,0.0,0.0,0.0,0.0,0.0,0.0,0.0,0.0,1751578905.3997493,0.0
105.0,-777.2615378410555,19.881308164447546,19.684963416773826,24.806756406091154,0.0,0.0,0.0,0.0,0.0,0.0,0.0,0.0,1751578905.4142413,0.0
105.0,-1016.0279707121663,5.075044239871204,7.975336655508727,13.901208135299385,0.0,0.0,0.0,0.0,0.0,0.0,0.0,0.0,1751578905.4142413,0.0
106.0,-556.2297105598263,15.127895320765674,9.927564432378858,13.927387434989214,0.0,0.0,0.0,0.0,0.0,0.0,0.0,0.0,1751578905.4149725,0.0
106.0,-547.6167209618725,15.041877621784806,17.366225444246083,20.51709115691483,0.0,0.0,0.0,0.0,0.0,0.0,0.0,0.0,1751578905.4149725,0.0
107.0,-769.0898564378731,12.263131954707205,10.787741422187537,14.278938030824065,0.0,0.0,0.0,0.0,0.0,0.0,0.0,0.0,1751578905.4283462,0.0
107.0,-356.5676716254093,11.945240458473563,8.25208925222978,9.944393982179463,0.0,0.0,0.0,0.0,0.0,0.0,0.0,0.0,1751578905.4283462,0.0
108.0,-644.2688254667446,20.255298160016537,20.844332403037697,25.670673295855522,0.0,0.0,0.0,0.0,0.0,0.0,0.0,0.0,1751578905.4442284,0.0
108.0,-832.4194523375481,11.960200058296323,12.205163505394012,11.814343960024416,0.0,0.0,0.0,0.0,0.0,0.0,0.0,0.0,1751578905.4442284,0.0
109.0,-415.80207707360387,13.441200440749526,11.535721413325518,14.278938030824065,0.0,0.0,0.0,0.0,0.0,0.0,0.0,0.0,1751578905.4448624,0.0
109.0,-818.6173515510745,20.8985609523952,17.16053094668314,20.603108855895698,0.0,0.0,0.0,0.0,0.0,0.0,0.0,0.0,1751578905.4448624,0.0
110.0,-1147.1488631586544,13.089649844914675,12.915744496975094,11.855482859537005,0.0,0.0,0.0,0.0,0.0,0.0,0.0,0.0,1751578905.4583344,0.0
110.0,-676.8022151812911,17.977699087001383,17.14183144690469,12.768018448725343,0.0,0.0,0.0,0.0,0.0,0.0,0.0,0.0,1751578905.4583344,0.0
111.0,-545.3148125391454,13.373882241547108,13.805840686429292,15.363509017974138,0.0,0.0,0.0,0.0,0.0,0.0,0.0,0.0,1751578905.4742577,0.0
111.0,-522.1236929139122,19.971065763384104,20.627418205607682,17.36061559431255,0.0,0.0,0.0,0.0,0.0,0.0,0.0,0.0,1751578905.4742577,0.0
112.0,-786.9011299768463,16.822070000693202,13.645024988334626,14.286417830735445,0.0,0.0,0.0,0.0,0.0,0.0,0.0,0.0,1751578905.4748163,0.0
112.0,-365.08155387453735,8.45591379981488,9.691950735170394,15.415867617353797,0.0,0.0,0.0,0.0,0.0,0.0,0.0,0.0,1751578905.4748163,0.0
113.0,-642.1763514415361,23.7521046185866,19.625125017482787,23.598768720403314,0.0,0.0,0.0,0.0,0.0,0.0,0.0,0.0,1751578905.488417,0.0
113.0,-802.1430922462605,8.4484339999035,10.181877629365772,10.404401676729321,0.0,0.0,0.0,0.0,0.0,0.0,0.0,0.0,1751578905.488417,0.0
114.0,-387.7659170557745,17.117522097192705,13.794620986562222,17.068903397768736,0.0,0.0,0.0,0.0,0.0,0.0,0.0,0.0,1751578905.5042863,0.0
114.0,-872.5149197624996,21.130434749647975,18.110465535428375,23.00786452740431,0.0,0.0,0.0,0.0,0.0,0.0,0.0,0.0,1751578905.5042863,0.0
115.0,-1251.2321488754824,12.345409753732383,11.214090017136186,18.830396276898682,0.0,0.0,0.0,0.0,0.0,0.0,0.0,0.0,1751578905.5049305,0.0
115.0,-1564.7928409604356,16.657514402642846,11.561900713015348,12.599722950719297,0.0,0.0,0.0,0.0,0.0,0.0,0.0,0.0,1751578905.5049305,0.0
116.0,-1521.2529256762937,16.48173910472542,11.88727200916037,15.243832219392061,0.0,0.0,0.0,0.0,0.0,0.0,0.0,0.0,1751578905.5183353,0.0
116.0,-1496.7117021670565,14.447233528830111,18.488195430953056,16.50043860450387,0.0,0.0,0.0,0.0,0.0,0.0,0.0,0.0,1751578905.5183353,0.0
117.0,-1759.1965805571526,12.547364351339638,11.285148116294295,12.435167352668941,0.0,0.0,0.0,0.0,0.0,0.0,0.0,0.0,1751578905.5342543,0.0
117.0,-1335.4846150772646,10.06781068071723,8.050134654622525,8.942100794054568,0.0,0.0,0.0,0.0,0.0,0.0,0.0,0.0,1751578905.5342543,0.0
118.0,-1616.6072848965414,21.949472839944065,28.563485911581665,26.13816079031676,0.0,0.0,0.0,0.0,0.0,0.0,0.0,0.0,1751578905.5348115,0.0
118.0,-1781.8136255391873,9.813497483730316,8.177291253115982,12.09483645670116,0.0,0.0,0.0,0.0,0.0,0.0,0.0,0.0,1751578905.5348115,0.0
119.0,-1411.4064541277476,13.022331645712256,10.350173127371818,11.855482859537005,0.0,0.0,0.0,0.0,0.0,0.0,0.0,0.0,1751578905.5486128,0.0
119.0,-1813.0623596189544,23.34819542337209,19.224955722223967,13.646894938312471,0.0,0.0,0.0,0.0,0.0,0.0,0.0,0.0,1751578905.5486128,0.0
120.0,-2206.941143152304,15.72627931367606,13.024201595690101,17.35687569435686,0.0,0.0,0.0,0.0,0.0,0.0,0.0,0.0,1751578905.5641696,0.0
120.0,-2545.7386801382527,16.56027700379491,13.244855693075806,16.44434010516852,0.0,0.0,0.0,0.0,0.0,0.0,0.0,0.0,1751578905.5641696,0.0
121.0,-2519.118072253652,13.867549035698175,13.790881086606532,15.071796821430326,0.0,0.0,0.0,0.0,0.0,0.0,0.0,0.0,1751578905.5649245,0.0
121.0,-2469.029592147097,14.641708326525986,13.540307789575309,21.448326245881617,0.0,0.0,0.0,0.0,0.0,0.0,0.0,0.0,1751578905.5649245,0.0
122.0,-2747.9625505423173,13.587056539021432,13.689903787802905,14.144301632419229,0.0,0.0,0.0,0.0,0.0,0.0,0.0,0.0,1751578905.57848,0.0
122.0,-2336.0462295226753,12.801677548326552,9.02624854305759,6.795398219488561,0.0,0.0,0.0,0.0,0.0,0.0,0.0,0.0,1751578905.57848,0.0
123.0,-2578.4384954008274,24.791796806268394,23.626817970070988,27.82111577037722,0.0,0.0,0.0,0.0,0.0,0.0,0.0,0.0,1751578905.5941575,0.0
123.0,-2750.028845267836,11.455313564278185,9.82658713357523,11.324417065829039,0.0,0.0,0.0,0.0,0.0,0.0,0.0,0.0,1751578905.5941575,0.0
124.0,-2412.117664571386,13.942347034811974,15.253181969281286,17.970219287090003,0.0,0.0,0.0,0.0,0.0,0.0,0.0,0.0,1751578905.5948596,0.0
124.0,-2802.239718599245,20.88734125252813,23.13689107587561,25.81278949417174,0.0,0.0,0.0,0.0,0.0,0.0,0.0,0.0,1751578905.5948596,0.0
125.0,-2704.087914212141,20.55823005642742,20.107572111766785,23.269657524302602,0.0,0.0,0.0,0.0,0.0,0.0,0.0,0.0,1751578905.6085725,0.0
125.0,-2994.1059360760264,9.533004987053573,11.917191208805889,7.203047314658761,0.0,0.0,0.0,0.0,0.0,0.0,0.0,0.0,1751578905.6085725,0.0
126.0,-2551.05120802531,11.926540958695114,11.273928416427225,15.797337412834167,0.0,0.0,0.0,0.0,0.0,0.0,0.0,0.0,1751578905.6242163,0.0
126.0,-2529.064336185809,13.388841841369867,14.624878776725382,18.14599458500743,0.0,0.0,0.0,0.0,0.0,0.0,0.0,0.0,1751578905.6242163,0.0
127.0,-2706.343073885422,12.581023450940847,9.796667933929712,11.922801058739424,0.0,0.0,0.0,0.0,0.0,0.0,0.0,0.0,1751578905.6249745,0.0
127.0,-2314.18464433169,4.757152743637562,4.515929196495563,9.933174282312393,0.0,0.0,0.0,0.0,0.0,0.0,0.0,0.0,1751578905.6249745,0.0
128.0,-2592.5809270832688,21.964432439766824,21.738168492447585,24.862854905426502,0.0,0.0,0.0,0.0,0.0,0.0,0.0,0.0,1751578905.6383712,0.0
128.0,-2780.869930252433,11.088803368620574,8.742016146425158,13.456160040572286,0.0,0.0,0.0,0.0,0.0,0.0,0.0,0.0,1751578905.6383712,0.0
